url,description,title,label
https://unt.edu,"['unt', 'student', 'focus', 'public', 'research', 'university', 'locate', 'denton', 'texas', 'one', 'texas', '', 'large', 'university', 'offer', 'bachelor', 'master', 'doctoral', 'degree', 'program', 'within', 'university', 'college', 'school']","['university', 'north', 'texas']",aman
https://discovermagazine.com,"['discover', 'satisfies', 'everyday', 'curiosity', 'relevant', 'approachable', 'science', 'news', 'feature', 'article', 'photo']","['discover', 'magazine']",aman
https://caranddriver.com,"['cover', 'automotive', 'industry', 'since', 'depth', 'review', 'analysis', 'feature', 'auto', 'show', 'reporting', 'advice', 'car', 'owner', 'buyer']","['car', 'driver', 'new', 'car', 'review', 'buying', 'advice', 'news']",aman
https://allstate.com,"['get', 'auto', 'insurance', 'quote', 'allstatecom', 'good', 'hand', 'allstate', 'allstate', 'also', 'offer', 'insurance', 'home', 'motorcycle', 'rv', 'well', 'financial', 'product', 'permanent', 'term', 'life', 'insurance']","['allstate', 'insurance', 'company', 'good', 'hand']",aman
https://oregonstate.edu,"['oregon', 'state', 'university', 'continue', 'advance', 'year', 'mission', 'provide', 'access', 'high', 'quality', 'education', 'oregon', 'large', 'statewide', 'public', 'research', 'university']","['oregon', 'state', 'university']",aman
https://usingenglish.com,"['resource', 'learn', 'english', 'language', 'esl', 'efl', 'esol', 'eap', 'student', 'teacher', 'browse', 'glossary', 'term', 'join', 'busy', 'forum', 'download', 'free', 'language', 'software', 'read', 'article', 'teacher', 'handout', 'find', 'useful', 'link', 'information', 'english']","['usingenglishcom', 'english', 'language', 'esl', 'learn', 'online']",aman
https://physicsforums.com,"['join', 'top', 'physic', 'stem', 'forum', 'community', 'find', 'expert', 'debate', 'late', 'physic', 'research', 'request', 'homework', 'help', 'science', 'math']","['physic', 'forum', 'science', 'article', 'homework', 'help', 'discussion']",aman
https://crucial.com,"['find', 'compatible', 'dram', 'memory', 'ssd', 'upgrade', 'pc', 'laptop', 'crucial', 'advisor', 'tool', 'crucial', 'system', 'scanner', 'free', 'u', 'delivery']","['crucial', 'u', 'dram', 'solid', 'state', 'drive', 'ssd', 'memory', 'upgrade']",aman
https://turnitin.com,"['turnitin', 'solution', 'promote', 'academic', 'integrity', 'streamline', 'grade', 'feedback', 'deter', 'plagiarism', 'improve', 'student', 'outcome']","['empower', 'student', 'best', 'original', 'work', 'turnitin']",aman
https://redmondpie.com,"['cover', 'microsoft', 'apple', 'google', 'tesla', 'web']","['redmond', 'pie']",aman
https://easybib.com,"['automatic', 'work', 'cite', 'bibliography', 'format', 'mla', 'chicago turabian', 'citation', 'style', 'support', 'th', 'edition', 'mla']","['easybib', 'free', 'bibliography', 'generator', 'mla', 'chicago', 'citation', 'style']",aman
https://redorbit.com,"['late', 'science', 'space', 'health', 'technology']","['home', 'redorbit']",aman
https://modmyi.com,"['tear', 'wall']","['modmy', 'tear', 'wall']",aman
https://manchester.ac.uk,"['part', 'prestigious', 'russell', 'group', 'university', 'university', 'manchester', 'large', 'single', 'site', 'university', 'uk', 'big', 'student', 'community']","['university', 'manchester']",aman
https://idownloadblog.com,"['best', 'apple', 'blog', 'provide', 'news', 'review', 'tutorial', 'jailbreak', 'info', 'everything', 'iphone', 'ipad', 'apple', 'watch', 'apple', 'tv', 'mac', 'io']","['idownloadblog', '', 'apple', 'blog', 'iphone', '', 'watch', '', 'io', '', 'mac']",aman
https://infoworld.com,"['business', 'technology', 'news', 'product', 'review', 'enterprise', 'strategy']","['infoworld', 'technology', 'insight', 'enterprise']",aman
https://wolfram.com,"['wolfram', 'creator', 'wolfram', 'language', 'wolframalpha', 'mathematica', 'development', 'platform', 'data', 'science', 'platform', 'finance', 'platform', 'systemmodeler']","['wolfram', 'computation', 'meet', 'knowledge']",aman
https://unc.edu,"['university', 'north', 'carolina', 'chapel', 'hill', 'nation', '', 'first', 'public', 'university', 'global', 'high', 'education', 'leader', 'know', 'innovative', 'teach', 'research', 'public', 'service', 'member', 'prestigious', 'association', 'american', 'university', 'carolina', 'regularly', 'rank', 'best', 'value', 'academic', 'quality', 'u', 'public', 'high', 'education']","['university', 'north', 'carolina', 'chapel', 'hill']",aman
https://gottabemobile.com,"['help', 'million', 'people', 'get', 'device', 'decide', 'one', 'worth', 'buying', 'cover', 'iphone', 'android', 'mac', 'pc', 'amazon']","['get', 'ta', 'mobile', 'mobile', 'tech', 'news', 'review', 'advice']",aman
https://thehackernews.com,"['hacker', 'news', 'trust', 'widely', 'read', 'infosec', 'source', 'late', 'hack', 'news', 'cyber', 'attack', 'computer', 'security', 'cybersecurity', 'ethical', 'hacker', 'penetration', 'tester', 'information', 'technology', 'professional']","['hacker', 'news', 'cybersecurity', 'news', 'analysis']",aman
https://quotegarden.com,"['large', 'searchable', 'compilation', 'quotation', 'arrange', 'topic', 'inspirational', 'thought', 'provoke', 'humorous', 'literary', 'special', 'occasion', 'quote']","['quote', 'garden']",aman
https://popsci.com,"['awe', 'inspire', 'science', 'reporting', 'technology', 'news', 'diy', 'project', 'skunk', 'space', 'robot', 'primate', 'climate', 'popular', 'science', 'year', 'strong']","['popular', 'science', 'homepage', 'popular', 'science']",aman
https://unsw.edu.au,"['unsw', 'ranked', 'nd', 'australia', 'th', 'world', 'graduate', 'employability', 'browse', 'range', 'study', 'option', 'find', 'perfect', 'one']","['unsw', 'sydney', 'one', 'best', 'university', 'australia']",aman
https://collegeconfidential.com,"['real', 'unfiltered', 'guidance', 'apply', 'college', 'explore', 'major', 'career']","['admission', 'college', 'search', 'college', 'confidential']",aman
https://bose.com,"['official', 'bose', 'website', 'learn', 'innovative', 'solution', 'help', 'feel', 'shop', 'headphone', 'speaker', 'wearable', 'wellness', 'product']","['bose', 'headphone', 'speaker', 'wearable']",aman
https://slashgear.com,"['slashgear', 'cover', 'technology', 'science', 'automotive', 'game', 'entertainment', 'bring', 'thought', 'provoke', 'independent', 'insight', 'since']",['slashgear'],aman
https://newscientist.com,"['science', 'news', 'science', 'article', 'new', 'scientist']","['new', 'scientist', 'science', 'news', 'science', 'article', 'new', 'scientist']",aman
https://mac-forums.com,"['apple', 'io', 'help', 'fix', 'mac', 'iphone', 'ipad', 'buying', 'tip', 'mac', 'forum']","['mac', 'forum']",aman
https://nature.com,"['first', 'publish', 'nature', 'world', '', 'lead', 'multidisciplinary', 'science', 'journal', 'nature', 'publishes', 'fine', 'peer', 'review', 'research', 'drive', 'ground', 'break', 'discovery', 'read', 'thought', 'leader', 'decision', 'maker', 'around', 'world']",['nature'],aman
https://wolframalpha.com,"['compute', 'answer', 'use', 'wolfram', 'breakthrough', 'technology', 'knowledgebase', 'rely', 'million', 'student', 'professional', 'math', 'science', 'nutrition', 'history', 'geography', 'engineering', 'mathematics', 'linguistics', 'sport', 'finance', 'music']","['wolframalpha', 'computational', 'intelligence']",aman
https://sammobile.com,"['sammobilecom', 'community', 'true', 'samsung', 'fan', 'share', 'news', 'review', 'tutorial', 'hand', 'ky', 'firmware', 'lot']","['sammobile', 'source', 'samsung', 'news']",aman
https://gatech.edu,"['georgia', 'tech', 'georgia', 'institute', 'technology', 'technology', 'focus', 'college', 'atlanta', 'ga', 'one', 'top', 'research', 'university', 'usa']","['georgia', 'tech']",aman
https://flurry.com,"['flurry', 'mobile', 'app', 'analytics', 'platform', 'android', 'io', 'empowers', 'product', 'development', 'growth', 'expert', 'build', 'well', 'apps', 'user', 'love']","['flurry', 'mobile', 'app', 'analytics', 'platform', 'android', 'io']",aman
https://theverge.com,"['verge', 'found', 'partnership', 'vox', 'medium', 'cover', 'intersection', 'technology', 'science', 'art', 'culture', 'mission', 'offer', 'depth', 'reporting', 'long', 'form', 'feature', 'story', 'break', 'news', 'coverage', 'product', 'information', 'community', 'content', 'unified', 'cohesive', 'manner', 'site', 'power', 'vox', 'medium', 'chorus', 'platform', 'modern', 'medium', 'stack', 'built', 'web', 'native', 'news', 'st', 'century']",['verge'],aman
https://sonymobile.com,"['temu', 'agam', 'produk', 'kualitas', 'sony', 'teknologi', 'dukung', 'ak', 'instan', 'toko', 'entertainment', 'network']","['sony', 'indonesia', 'teknologi', 'berita', 'elektronik', 'hibur', 'sony', 'id']",aman
https://cars.com,"['shop', 'new', 'use', 'car', 'research', 'compare', 'model', 'find', 'local', 'dealers sellerscalculate', 'payment', 'value', 'car', 'sell trade', 'car', 'carscom']","['new', 'car', 'use', 'car', 'car', 'dealer', 'price', 'review', 'carscom']",aman
https://carid.com,"['car', 'accessory', 'replacement', 'auto', 'part', 'define', 'vehicle', 'true', 'identity', 'check', 'automotive', 'aftermarket', 'selection', 'ride', 'life']","['caridcom', 'auto', 'part', 'accessory', 'car', 'truck', 'suv', 'jeep']",aman
https://ucl.ac.uk,"['ucl', 'consistently', 'ranked', 'one', 'top', 'ten', 'university', 'world', 'q', 'world', 'university', 'ranking', 'uk', 'research', 'power', 'research', 'excellence', 'framework']","['ucl', 'london', 'global', 'university']",aman
https://intel.com,"['intel', 'innovation', 'cloud', 'compute', 'data', 'center', 'internet', 'thing', 'pc', 'solution', 'power', 'smart', 'connect', 'digital', 'world', 'live']","['intel', 'data', 'center', 'solution', 'iot', 'pc', 'innovation']",aman
https://radioshack.com,"['shack', 'back', 'shop', 'radio', 'headphone', 'tv', 'antenna', 'cable', 'adapter', 'diy', 'tool', 'part', 'electronics', 'maker', 'kit', 'much', 'brand', 'new', 'arrival', 'daily', 'n t', 'forget', 'visit', 'radioshack', 'location', 'across', 'america']","['radioshackcom', 'official', 'site', 'america', 'technology', 'store']",aman
https://popularmechanics.com,"['popular', 'mechanic', 'inspires', 'instructs', 'influence', 'reader', 'help', 'master', 'modern', 'world', 'whether', 'practical', 'diy', 'home', 'improvement', 'tip', 'gadget', 'digital', 'technology', 'information', 'new', 'car', 'late', 'breakthrough', 'science']","['popular', 'mechanic', 'product', 'review', 'space', 'military', 'math', 'science', 'new', 'technology']",aman
https://italki.com,"['italki', 'best', 'language', 'learn', 'community', 'learn', 'language', 'like', 'english', 'spanish', 'french', 'chinese', 'etc', 'professional', 'online', 'tutor']","['learn', 'foreign', 'language', 'professional', 'teacher', 'online']",aman
https://nadaguides.com,"['research', 'late', 'new', 'car', 'price', 'deal', 'use', 'car', 'value', 'spec', 'nada', 'guide', 'leader', 'accurate', 'vehicle', 'pricing', 'vehicle', 'information']","['new', 'car', 'price', 'use', 'car', 'book', 'value', 'nadaguides']",aman
https://wiziq.com,"['virtual', 'classroom', 'lm', 'software', 'deliver', 'live', 'self', 'pace', 'online', 'course', 'everything', 'need', 'teach', 'train', 'online', 'start']","['virtual', 'classroom', 'lm', 'software', 'wiziq']",aman
https://cuny.edu,"['great', 'urban', 'university', 'world']","['city', 'university', 'new', 'york']",aman
https://soft32.com,"['soft', 'pioneer', 'downloads', 'review', 'website', 'delivers', 'date', 'software', 'free', 'downloads', 'review', 'window', 'mac', 'iphone', 'ipad', 'android']","['software', 'free', 'download', 'soft']",aman
https://utah.edu,"['found', 'university', 'utah', 'flagship', 'institution', 'high', 'learn', 'utah', 'offer', 'undergraduate', 'graduate', 'degree', 'program', 'student', 'preeminent', 'research', 'teach', 'institution', 'university', 'cultivates', 'academic', 'environment', 'high', 'standard', 'intellectual', 'integrity', 'scholarship', 'practice']","['university', 'utah']",aman
https://indexmundi.com,"['indexmundi', 'data', 'portal', 'gather', 'fact', 'statistic', 'multiple', 'source', 'turn', 'easy', 'use', 'visuals']","['indexmundi', 'country', 'fact']",aman
https://phoenix.edu,"['university', 'phoenix', 'offer', 'online', 'degree', 'course', 'align', 'occupation', 'explore', 'tuition', 'save', 'opportunity', 'accredit', 'online', 'college']","['online', 'college', 'affordable', 'always', 'university', 'phoenix']",aman
https://harvard.edu,"['harvard', 'university', 'devote', 'excellence', 'teach', 'learn', 'research', 'develop', 'leader', 'make', 'difference', 'globally']","['harvard', 'university']",aman
https://britannica.com,"['explore', 'fact', 'checked', 'online', 'encyclopedia', 'encyclopaedia', 'britannica', 'hundred', 'thousand', 'objective', 'article', 'biography', 'video', 'image', 'expert']","['encyclopedia', 'britannica', 'britannica']",aman
https://mathworks.com,"['mathworks', 'develops', 'sell', 'support', 'matlab', 'simulink', 'product']","['mathworks', 'maker', 'matlab', 'simulink', 'matlab', 'simulink']",aman
https://blackboard.com,"['blackboard', 'lead', 'global', 'educational', 'technology', 'solution', 'high', 'ed', 'k', 'business', 'government', 'connect', 'education', 'power', 'technology']","['educational', 'technology', 'service', 'blackboard', 'north', 'america']",aman
https://oreillyauto.com,"['check', 'variety', 'auto', 'part', 'supply', 'accessory', 'car', 'truck', 'suv', 'well', 'boat', 'trailer', 'atvs', 'lawn', 'garden', 'equipment', 'find', 'o reilly', 'auto', 'part', 'store', 'near', 'learn', 'store', 'service', 'view', 'current', 'ad', 'coupon', 'promotion', 'get', 'free', 'shipping', 'order', 'free', 'store', 'pickup', 'online', 'order']","['o reilly', 'auto', 'part', 'auto', 'part', 'battery', 'store', 'near']",aman
https://autocar.co.uk,"['car', 'news', 'review', 'opinion', 'feature', 'autocar', 'world', 'old', 'car', 'publication', 'bring', 'everything', 'automotive', 'since']","['autocar', 'car', 'news', 'car', 'review']",aman
https://netcarshow.com,"['late', 'car', 'news', 'well', 'look', 'automotive', 'past', 'best', 'car', 'picture', 'wallpaper']","['car', 'make', 'model', 'netcarshowcom']",aman
https://appleinsider.com,"['apple', 'news', 'rumor', 'review', 'price', 'deal', 'trust', 'appleinsider', 'serve', 'apple', 'product', 'enthusiast', 'since']","['apple', 'news', 'rumor', 'review', 'price', 'deal', 'appleinsider']",aman
https://uwaterloo.ca,"['student', 'attend', 'annually', 'waterloo', 'canada', 'experiential', 'learn', 'employer', 'student', 'connection']","['home', 'university', 'waterloo', 'university', 'waterloo']",aman
https://maplin.co.uk,"['back', 'online', 'huge', 'range', 'smart', 'home', 'security', 'game', 'av', 'compute', 'stem', '', 'free', 'home', 'delivery']","['maplin', 'electronics', 'specialist', 'free', 'delivery', '', 'maplin']",aman
https://cambridge.org,"['unlock', 'potential', 'million', 'people', 'quali cations', 'assessment', 'academic', 'publication', 'original', 'research', 'spread', 'knowledge', 'spark', 'enquiry']","['home', 'cambridge', 'university', 'press', 'assessment']",aman
https://spellingcity.com,"['improve', 'knowedge', 'vocabulary', 'word', 'spell', 'practice', 'vocabularyspellingcity', 'engage', 'phonics', 'game', 'kid', 'help', 'student', 'become', 'spell', 'master']","['vocabulary', 'word', 'spell', 'practice', 'phonics', 'game', 'kid']",aman
https://livescience.com,"['live', 'science', 'feature', 'groundbreaking', 'development', 'science', 'space', 'technology', 'health', 'environment', 'culture', 'history']","['live', 'science', 'interest', 'article', 'mystery', 'discovery']",aman
https://nissanusa.com,"['shop', 'online', 'new', 'nissan', 'car', 'truck', 'crossover', 'suv', 'electric', 'vehicle', 'explore', 'offer', 'compare', 'model', 'calculate', 'payment']","['new', 'car', 'suv', 'truck', 'electric', 'vehicle', 'nissan', 'usa']",aman
https://acs.org,"['ac', 'one', 'world', '', 'large', 'scientific', 'society', 'premier', 'home', 'chemistry', 'professional', 'find', 'career', 'opportunity', 'educational', 'resource']","['american', 'chemical', 'society']",aman
https://sfsu.edu,"['official', 'site', 'san', 'francisco', 'state', 'university', 'public', 'urban', 'university', 'conscience', 'locate', 'one', 'world', 'vibrant', 'beautiful', 'city', 'begin', 'college', 'search', 'world', 'class', 'undergraduate', 'study', 'graduate', 'study', 'scholarly', 'research', 'community', 'service', 'learn']","['san', 'francisco', 'state', 'university']",aman
https://appadvice.com,"['late', 'iphone ipad', 'app', 'news', 'review']","['appadvice', 'late', 'io', 'news', 'review']",aman
https://geforce.com,"['world', 'advanced', 'graphic', 'card', 'game', 'solution', 'game', 'technology', 'nvidia', 'geforce']","['geforcecom', 'official', 'site', 'rtx', 'graphic', 'card', 'vr', 'game', 'laptop']",aman
https://ucsb.edu,"['uc', 'santa', 'barbara', 'lead', 'center', 'teach', 'research', 'locate', 'california', 'coast', 'truly', 'learn', 'living', 'environment', 'like']","['home', 'uc', 'santa', 'barbara']",aman
https://thecarconnection.com,"['get', 'inside', 'scoop', 'new', 'car', 'car', 'review', 'car', 'photo', 'test', 'drive', 'result', 'technical', 'spec', 'comprehensive', 'car', 'review', 'auto', 'expert', 'get', 'expert', 'opinion', 'new', 'car', 'test', 'drive', 'find', 'cool', 'car', 'get', 'inside', 'exclusive', 'hot', 'concept', 'car', 'spy', 'shot', 'auto', 'show', 'blogging', 'coverage', 'daily', 'automotive', 'industry', 'news']","['new', 'car', 'car', 'review', 'car', 'show', 'car', 'photo', 'car', 'connection']",aman
https://quickonlinetips.com,"['top', 'tech', 'blog', 'publishing', 'blogging', 'tip', 'smart', 'tech', 'web', 'tutorial', 'since']","['quick', 'online', 'tip', '', 'qot']",aman
https://honda.com,"['explore', 'innovative', 'line', 'quality', 'product', 'american', 'honda', 'motor', 'company', 'find', 'late', 'news', 'information', 'honda', 'acura', 'brand', 'product']","['american', 'honda', 'motor', 'co', 'inc', 'official', 'site']",aman
https://harley-davidson.com,"['situs', 'resmi', 'harley', 'davidson', 'motor', 'company', 'lihat', 'motor', 'harley', 'cari', 'dealer', 'telusur', 'komponen', 'lengkap', 'motor']","['harley', 'davidson', 'indonesia']",aman
https://udemy.com,"['udemy', 'online', 'learn', 'teach', 'marketplace', 'course', 'million', 'student', 'learn', 'program', 'marketing', 'data', 'science']","['online', 'course', 'learn', 'anything', 'schedule', 'udemy']",aman
https://researchgate.net,"['access', 'million', 'publication', 'connect', 'million', 'researcher', 'join', 'free', 'gain', 'visibility', 'upload', 'research']","['researchgate', 'find', 'share', 'research']",aman
https://brainyquote.com,"['share', 'collection', 'inspirational', 'famous', 'quote', 'author', 'know', 'love', 'share', 'quote', 'day', 'web', 'facebook', 'twitter', 'blog']","['inspirational', 'quote', 'brainyquote']",aman
https://androidcentral.com,"['buyer', '', 'guide', 'best', 'android', 'phone', 'deal', 'news', 'review', 'android', 'central', 'cover', 'smartphones', 'watch', 'tablet', 'chromeos', 'device', 'google', 'home', 'compatible', 'peripheral', 'smart', 'world', 'living', 'read', 'android', 'central']","['android', 'central', 'news', 'review', 'deal', 'help', 'android', 'device']",aman
https://space.com,"['get', 'late', 'space', 'exploration', 'innovation', 'astronomy', 'news', 'spacecom', 'celebrates', 'humanity', 'ongoing', 'expansion', 'across', 'final', 'frontier']","['spacecom', 'nasa', 'space', 'exploration', 'astronomy', 'news']",aman
https://seagate.com,"['seagate', 'bantu', 'dunia', 'simpan', 'data', 'manfaat', 'potensi', 'terobos', 'layan', 'simpan', 'cloud', 'sistem', 'hard', 'disk', 'hard', 'disk', 'solid', 'state', 'solusi', 'manajemen', 'data', 'lengkap']","['unggul', 'solusi', 'simpan', 'data', 'seagate', 'indonesia']",aman
https://uiowa.edu,"['join', 'global', 'community', 'renowned', 'artist', 'pioneer', 'scientist', 'faculty', 'dedicate', 'student', 'success', 'university', 'iowa']","['university', 'iowa']",aman
https://ti.com,"['texas', 'instrument', 'make', 'progress', 'possible', 'decade', 'global', 'semiconductor', 'company', 'design', 'manufacture', 'test', 'sell', 'analog', 'embed', 'processing', 'chip']","['analog', 'embed', 'processing', 'semiconductor', 'company', 'ticom']",aman
https://usgs.gov,"['provide', 'science', 'natural', 'hazard', 'threaten', 'life', 'livelihood', '', 'water', 'energy', 'mineral', 'natural', 'resource', 'rely', '', 'health', 'ecosystem', 'environment', '', 'impact', 'climate', 'land', 'use', 'change', 'scientist', 'develop', 'new', 'method', 'tool', 'supply', 'timely', 'relevant', 'useful', 'information', 'earth', 'process']","['usgsgov', 'science', 'change', 'world']",aman
https://tomsguide.com,"['tom', 'guide', 'upgrade', 'life', 'help', 'decide', 'tech', 'buy', 'show', 'get', 'solve', 'problem', 'arise', 'tom', 'guide', 'help']","['tom', 'guide', 'tech', 'product', 'review', 'top', 'pick']",aman
https://vw.com,"['find', 'new', 'german', 'engineer', 'vw', 'today', 'customize', 'vw', 'model', 'engine', 'color', 'feature', 'base', 'budget', 'come', 'see', 'new']","['vwcom', 'official', 'home', 'volkswagen', 'car', 'suv']",aman
https://ubc.ca,"['university', 'british', 'columbia', 'global', 'centre', 'research', 'teach', 'consistently', 'ranked', 'among', 'top', 'public', 'university', 'world']","['university', 'british', 'columbia']",aman
https://mbusa.com,"['mercedes', 'benz', 'combine', 'luxury', 'performance', 'across', 'full', 'line', 'model', 'include', 'luxury', 'sedan', 'suv', 'coupe', 'roadster', 'convertible']","['luxury', 'car', 'sedan', 'suv', 'coupe', 'wagon', 'mercedes', 'benz', 'usa']",aman
https://si.edu,"['official', 'website', 'smithsonian', 'world', 'large', 'museum', 'research', 'complex', 'museum', 'research', 'center', 'affiliate', 'around', 'world']","['smithsonian', 'institution', 'home']",aman
https://oup.com,['home'],"['oxford', 'university', 'press', 'homepage']",aman
https://geeksaresexy.net,"['tech', 'science', 'cosplay', 'news', 'geek', 'geek', 'make', 'technology', 'sexy']","['geek', 'sexy', 'technology', 'newsgeeks', 'sexy', 'technology', 'news', 'tech', 'science', 'cosplay', 'news', 'geek', 'geek', 'make', 'technology', 'sexy']",aman
https://eslcafe.com,"['since', 'dave', 'esl', 'cafe', 'meeting', 'place', 'esl efl', 'student', 'teacher', 'around', 'world', 'job', 'resume', 'database', 'forum', 'resource']","['home', 'page', 'esl']",aman
https://bibsonomy.org,"['blue', 'social', 'bookmark', 'publication', 'share', 'system']",['bibsonomy'],aman
https://ucsc.edu,"['world', 'class', 'public', 'research', 'institution', 'comprise', 'ten', 'residential', 'college', 'community', 'nestle', 'redwood', 'forest', 'meadow', 'overlook', 'central', 'california', 'monterey', 'bay']","['university', 'california', 'santa', 'cruz']",aman
https://craftsy.com,"['craftsy', 'online', 'resource', 'creative', 'maker', 'find', 'everything', 'need', '', 'basic', 'instruction', 'advanced', 'technique']","['craftsycom', 'express', 'creativity', 'engage', 'passion', 'craftsy', 'learn', 'make', 'something', 'beautiful']",aman
https://otterbox.com,"['otterbox', 'design', 'protective', 'stylish', 'phone', 'case', 'well', 'best', 'premium', 'cooler', 'accessory', 'shop', 'see', 'otterbox', 'enables', 'everyday']","['otterbox', 'case', 'accessory', 'outdoor', 'gear']",aman
https://appbrain.com,"['grow', 'app', 'business', 'appbrain', 'monetize', 'advertise', 'analyze', 'android', 'apps']","['monetize', 'advertise', 'analyze', 'android', 'apps', 'appbraincom']",aman
https://coursera.org,"['learn', 'online', 'earn', 'valuable', 'credential', 'top', 'university', 'like', 'yale', 'michigan', 'stanford', 'lead', 'company', 'like', 'google', 'ibm', 'join', 'coursera', 'free', 'transform', 'career', 'degree', 'certificate', 'specialization', 'moocs', 'data', 'science', 'computer', 'science', 'business', 'dozen', 'topic']","['coursera', 'online', 'course', 'credential', 'top', 'educator', 'join', 'free']",aman
https://mashable.com,"['mashable', 'global', 'multi', 'platform', 'medium', 'entertainment', 'company']",['mashable'],aman
https://mapquest.com,"['official', 'mapquest', 'website', 'find', 'drive', 'direction', 'map', 'live', 'traffic', 'update', 'road', 'condition', 'find', 'nearby', 'business', 'restaurant', 'hotel', 'explore']","['official', 'mapquest', 'map', 'drive', 'direction', 'live', 'traffic']",aman
https://academia.edu,"['academiaedu', 'place', 'share', 'follow', 'research']","['academiaedu', 'share', 'research']",aman
https://readwrite.com,"['blog', 'thing']","['readwrite', 'blog', 'thing']",aman
https://ets.org,"['ets', 'commit', 'advance', 'quality', 'equity', 'education', 'people', 'worldwide', 'assessment', 'development', 'educational', 'research', 'policy', 'study']","['ets', 'home']",aman
https://samsung.com,"['samsung', 'store', 'indonesia', 'bantu', 'temu', 'jajar', 'produk', 'elektronik', 'teknologi', 'masuk', 'smartphone', 'tablet', 'tv', 'alat', 'rumah', 'tangga']","['samsung', 'indonesia', 'mobile', 'tv', 'home', 'appliance']",aman
https://citeulike.org,"['discover', 'top', 'real', 'money', 'gamble', 'site', 'rating', 'review', 'player', 'online', 'casino', 'game', 'lottery', 'bingo', 'online', 'poker', 'sport', 'bet', 'esports']","['gamble', 'site', 'real', 'money', 'best', 'online', 'gamble', 'site']",aman
https://cargurus.com,"['unbiased', 'car', 'review', 'million', 'opinion', 'photo', 'real', 'people', 'use', 'cargurus', 'find', 'best', 'use', 'car', 'deal']","['buy', 'sell', 'car', 'review', 'price', 'financing', 'cargurus']",aman
https://jalopnik.com,"['drive', 'free', 'die']",['jalopnik'],aman
https://searchquotes.com,"['best', 'collection', 'famous', 'quote', 'saying', 'web', 'quote', 'famous', 'author', 'movie', 'people', 'amaze', 'quote', 'bring', 'inspiration', 'personal', 'growth', 'love', 'happiness', 'everyday', 'life']","['quote', 'saying', 'searchquotes']",aman
https://sciencemag.org,"['science aaas', 'peer', 'review', 'journal', 'deliver', 'impactful', 'research', 'daily', 'news', 'expert', 'commentary', 'career', 'resource']","['science', 'aaa']",aman
https://topspeed.com,"['topspeed', 'offer', 'daily', 'industry', 'news', 'review', 'car', 'truck', 'motorcycle', 'boat', 'airplane']","['car', 'news', 'review', 'video', 'wallpaper', 'picture', 'free', 'online', 'game', 'top', 'speed']",aman
https://pistonheads.com,"['uk', 'big', 'motor', 'forum', 'plus', 'best', 'selection', 'car', 'sale', 'car', 'news', 'feature', 'pistonheads', 'speed', 'matter']","['pistonheads', 'uk', 'car', 'sale', 'car', 'news', 'motor', 'forum']",aman
https://dmv.org,"['dmvorg', 'make', 'understand', 'department', 'motor', 'vehicle', 'simple', 'get', 'quick', 'access', 'dmv', 'location', 'hour', 'appointment', 'renewal', 'form', 'practice', 'test']","['dmv', 'make', 'simple', 'dmvorg']",aman
https://osu.edu,"['discover', 'ohio', 'state', 'high', 'ranked', 'public', 'university', 'ohio', 'home', 'wexner', 'medical', 'center', 'world', 'class', 'graduate', 'undergraduate', 'program']","['ohio', 'state', 'university']",aman
https://netgear.com,"['netgear', 'turn', 'idea', 'innovative', 'networking', 'product', 'connect', 'people', 'power', 'business', 'advance', 'way', 'live', 'easy', 'use', 'powerful', 'smart']","['netgear', 'networking', 'product', 'make']",aman
https://jhu.edu,"['john', 'hopkins', 'found', 'america', 'first', 'research', 'university', 'home', 'nine', 'world', 'class', 'academic', 'division', 'work', 'together', 'one', 'university']","['home', 'john', 'hopkins', 'university']",aman
https://ford.com,"['ford', 'built', 'america', 'discover', 'late', 'lineup', 'new', 'ford', 'vehicle', 'explore', 'hybrid', 'electric', 'vehicle', 'option', 'see', 'photo', 'build', 'price', 'search', 'inventory', 'view', 'pricing', 'incentive', 'see', 'late', 'technology', 'news', 'happen', 'ford']","['ford', 'new', 'hybrid', 'electric', 'vehicle', 'suv', 'crossover', 'truck', 'van', 'car']",aman
https://techpowerup.com,"['lead', 'tech', 'publication', 'fast', 'news', 'thorough', 'review', 'strong', 'community']",['techpowerup'],aman
https://autosport.com,"['daily', 'formula', 'motorsport', 'news', 'lead', 'weekly', 'motor', 'race', 'magazine', 'authority', 'formula', 'one', 'f', 'motogp', 'wrc', 'indycar', 'f', 'wec', 'le', 'man', 'nascar']","['autosport', 'formula', 'motogp', 'motorsport', 'news', 'standing']",aman
https://libertymutual.com,"['get', 'free', 'insurance', 'quote', 'online', 'liberty', 'mutual', 'bundle', 'policy', 'save', 'auto', 'renter', 'home', 'motorcycle']","['customize', 'insurance', 'coverage', 'liberty', 'mutual']",aman
https://toyota.com,"['explore', 'new', 'toyota', 'truck', 'car', 'suv', 'hybrid', 'minivan', 'see', 'photo', 'compare', 'model', 'get', 'tip', 'calculate', 'payment']","['new', 'car', 'truck', 'suv', 'hybrid', 'toyota', 'official', 'site']",aman
https://chevrolet.com,"['official', 'chevrolet', 'site', 'see', 'chevy', 'car', 'truck', 'crossover', 'amp', '', 'suv', 'see', 'photos videos', 'find', 'vehicle', 'compare', 'competitor', 'build', 'chevy', 'amp', '']","['chevrolet', 'car', 'truck', 'suv', 'crossover', 'van']",aman
https://crutchfield.com,"['since', 'provide', 'legendary', 'service', 'consumer', 'electronics', 'shopper', 'get', 'free', 'day', 'shipping', 'one', 'one', 'advice', 'along', 'free', 'lifetime', 'tech', 'support']","['crutchfield', 'car', 'stereo', 'audio', 'speaker', 'home', 'theater', 'pro', 'audio', 'tv']",aman
https://cpubenchmark.net,"['passmark', 'software', 'cpu', 'benchmark', 'million', 'cpu', 'model', 'benchmarked', 'compare', 'graph', 'form', 'update', 'daily']","['passmark', 'software', 'cpu', 'benchmark', 'chart']",aman
https://gizmodo.com,"['come', 'future']","['gizmodo', 'tech', 'science', 'culture']",aman
https://webpronews.com,"['break', 'business', 'news', 'cover', 'marketing', 'ecommerce', 'emerge', 'trend', 'like', 'electric', 'vehicle', 'solar', 'energy', 'financial', 'tech', 'space']","['webpronews', 'digital', 'marketing', 'technology', 'business', 'news']",aman
https://logitech.com,"['beli', 'online', 'temu', 'pilih', 'jajar', 'produk', 'logitech', 'toko', 'online', 'resmi', 'tawar', 'eksklusif', 'jamin', 'uang', 'langgan', 'buletin']","['logitech', 'wireless', 'mouse', 'keyboard', 'headset', 'amp', '', 'konferensi', 'video']",aman
https://wikimedia.org,"['wikimedia', 'global', 'movement', 'whose', 'mission', 'bring', 'free', 'educational', 'content', 'world']",['wikimedia'],aman
https://ieee.org,"['ieee', 'world', 'large', 'technical', 'professional', 'organization', 'dedicate', 'advance', 'technology', 'benefit', 'humanity']","['ieee', 'world', 'large', 'technical', 'professional', 'organization', 'dedicate', 'advance', 'technology', 'benefit', 'humanity']",aman
https://androidtablets.net,"['android', 'tablet', 'net', 'cover', 'full', 'range', 'android', 'tablet', 'device', 'android', 'base', 'pc']","['android', 'tablet', 'forum']",aman
https://autoblog.com,"['autoblog', 'brings', 'car', 'news', '', 'expert', 'review', 'car', 'truck', 'crossover', 'suv', '', 'picture', 'video', 'research', 'compare', 'vehicle', 'find', 'local', 'dealer', 'calculate', 'loan', 'payment', 'find', 'car', 'book', 'value', 'get', 'service', 'estimate', 'autoblogcom']","['new', 'car', 'use', 'car', 'sale', 'car', 'review', 'car', 'news']",aman
https://motortrend.com,"['trust', 'motortrend', 'best', 'car', 'review', 'news', 'car', 'ranking', 'much', 'year', 'experience', 'home', 'everything', 'automotive']","['motortrend', 'new', 'car', 'car', 'news', 'expert', 'review']",aman
https://avforums.com,"['home', 'entertainment', 'tech', 'community', 'resource']","['avforums', 'home', 'entertainment', 'tech', 'resource', 'community']",aman
https://ijailbreak.com,"['ijailbreak', 'online', 'resource', 'jailbreak', 'unlock', 'iphone', 'ipad', 'ipod', 'touch', 'apple', 'tv', 'io', 'news', 'ijailbreak', 'also', 'cover', 'android', 'microsoft', 'google', 'playstation', 'provide', 'guide', 'tutorial']","['ijailbreak', 'jailbreak', 'io', 'news']",aman
https://phandroid.com,"['world', 'first', 'android', 'news', 'source', 'phandroidcom', 'cover', 'android', 'news', 'review', 'tip', 'help', 'get', 'smartphone', 'tablet']",['phandroid'],aman
https://pornhub.com,"['pornhub', 'world', '', 'lead', 'free', 'porn', 'site', 'choose', 'million', 'hardcore', 'video', 'stream', 'quickly', 'high', 'quality', 'include', 'amaze', 'vr', 'porn', 'large', 'adult', 'site', 'internet', 'keep', 'get', 'well', 'pornstars', 'real', 'amateur', 'anyone', 'else', '', 'fast', '', 'free', '', 'pornhub']","['free', 'porn', 'video', 'sex', 'movie', 'porno', 'xxx', 'porn', 'tube', 'pornhub']",berbahaya
https://xvideos.com,"['xvideos', 'free', 'porn', 'video']","['free', 'porn', 'video', 'xvideoscom']",berbahaya
https://xhamster.com,"['watch', 'million', 'porn', 'video', 'xhamster', 'free', 'stream', 'new', 'xxx', 'tube', 'movie', 'online', 'browse', 'sex', 'photo', 'date', 'girl', 'fuck', 'xhamster']","['free', 'porn', 'video', 'sex', 'tube', 'movie', 'xhamster']",berbahaya
https://redtube.com,"['redtube', 'brings', 'new', 'porn', 'video', 'every', 'day', 'free', 'enjoy', 'xxx', 'movie', 'high', 'quality', 'hd', 'resolution', 'device', 'get', 'fully', 'immerse', 'late', 'virtual', 'reality', 'sex', 'video', 'top', 'adult', 'studio', 'stream', 'hottest', 'porn', 'movie', 'favorite', 'category', 'pornstars', 'porn', 'channel']","['free', 'porn', 'sex', 'video', 'redtube', 'xxx', 'movie', 'home', 'video', 'porno']",berbahaya
https://xnxx.com,"['xnxx', 'delivers', 'free', 'sex', 'movie', 'fast', 'free', 'porn', 'video', 'tube', 'porn', 'million', 'sex', 'vids', 'available', 'free', 'feature', 'hot', 'pussy', 'sexy', 'girl', 'xxx', 'rat', 'porn', 'clip']","['free', 'porn', 'sex', 'tube', 'video', 'xxx', 'pic', 'pussy', 'porno', 'movie', 'xnxxcom']",berbahaya
https://myfreecams.com,"['myfreecams', 'original', 'free', 'webcam', 'community', 'adult', 'feature', 'live', 'video', 'chat', 'thousand', 'model', 'cam', 'girl', 'amateur', 'female', 'content', 'creator']","['myfreecams', 'adult', 'webcam', 'community']",berbahaya
https://youjizz.com,"['youjizz', 'porn', 'tube', 'free', 'porn', 'movie', 'sex', 'video', 'desktop', 'mobile', 'phone']","['porntube', 'porn', 'tube', 'mobile', 'porn', 'pornotube', 'porn', 'youporn']",berbahaya
https://youporn.com,"['youporn', 'home', 'free', 'xxx', 'porn', 'video', 'sit', 'back', 'watch', 'unlimited', 'high', 'quality', 'hd', 'porn', 'heart', 'desire', 'enjoy', 'hottest', 'porno', 'movie', 'category', 'imagine', 'discover', 'sexiest', 'naked', 'pornstars', 'amateur', 'earth', 'world', 'favorite', 'sex', 'tube', 'youporn']","['free', 'porn', 'video', 'hd', 'porno', 'tube', 'xxx', 'sex', 'video', 'youporn']",berbahaya
https://tube8.com,"['watch', 'hottest', 'free', 'sex', 'video', 'tube', 'enjoy', 'exclusive', 'porn', 'collection', 'select', 'sex', 'scene', 'full', 'porn', 'movie', 'home', 'go', 'mobile', 'device', 'tube', 'porno', 'tube', 'fast', 'stream', 'hd', 'video']","['tube', 'free', 'porn', 'video', 'xxx', 'sex', 'movie', 'hd', 'porno', 'tube']",berbahaya
https://cam4.com,"['watch', 'real', 'people', 'naked', 'sex', 'live', 'webcam', '', 'free', 'watch', 'chat', 'broadcast', 'sign', 'registration', 'require']","['cam', 'free', 'live', 'sex', 'cam', 'adult', 'sex', 'chat', '', 'naked', 'pornstar', 'cam', 'camcom']",berbahaya
https://playboy.com,"['wear', 'playboy', 'collection', 'style', 'include', 'playboy', 'logo', 'clothing', 'hoodies', 'sweatshirt', 'sweatpants', 'earring', 'necklace', 'vintage', 'look', 'men', 'woman']","['shop', 'playboy', 'store', 'hoodies', 'shirt', 'unisex', 'style']",berbahaya
https://spankwire.com,"['youporn', 'home', 'free', 'xxx', 'porn', 'video', 'sit', 'back', 'watch', 'unlimited', 'high', 'quality', 'hd', 'porn', 'heart', 'desire', 'enjoy', 'hottest', 'porno', 'movie', 'category', 'imagine', 'discover', 'sexiest', 'naked', 'pornstars', 'amateur', 'earth', 'world', 'favorite', 'sex', 'tube', 'youporn']","['free', 'porn', 'video', 'hd', 'porno', 'tube', 'xxx', 'sex', 'video', 'youporn']",berbahaya
https://xtube.com,"['xtubecom', 'longer', 'available', 'watch', 'free', 'hardcore', 'porn', 'video', 'best', 'adult', 'community', 'straight', 'gay', 'sex', 'movie', 'full', 'hot', 'amateur']","['xtube', 'free', 'porn', 'sex', 'video', 'xxx', 'gay', 'porno']",berbahaya
https://brazzers.com,"['brazzerscom', 'feature', 'hottest', 'pornstars', 'popular', 'brazzers', 'porn', 'video', 'adult', 'industry', 'watch', 'exclusive', 'sex', 'video', 'big', 'tit', 'hot', 'ass']","['brazzers', 'best', 'porn', 'site', 'world']",berbahaya
https://clips4sale.com,"['download', 'adult', 'amateur', 'porn', 'fetish', 'sex', 'hardcore', 'movie', 'video', 'clip', 'fetish', 'category', 'different', 'studio', 'clipssalecom', 'everything', 'anal', 'sex', 'tickle', 'video', 'large', 'collection', 'fetish', 'video', 'amateur', 'porn', 'video', 'clip', 'hardcore', 'amateur', 'fetish', 'sex', 'video']","['amateur', 'porn', 'fetish', 'porn', 'video', 'clipssale']",berbahaya
https://keezmovies.com,"['youporn', 'home', 'free', 'xxx', 'porn', 'video', 'sit', 'back', 'watch', 'unlimited', 'high', 'quality', 'hd', 'porn', 'heart', 'desire', 'enjoy', 'hottest', 'porno', 'movie', 'category', 'imagine', 'discover', 'sexiest', 'naked', 'pornstars', 'amateur', 'earth', 'world', 'favorite', 'sex', 'tube', 'youporn']","['free', 'porn', 'video', 'hd', 'porno', 'tube', 'xxx', 'sex', 'video', 'youporn']",berbahaya
https://drtuber.com,"['drtuber', 'phenomenon', 'modern', 'pornography', 'almost', 'year', 'history', 'publishing', 'hottest', 'porn', 'video', 'online', 'drtubercom', 'still', 'rock', 'hard']","['new', 'xxx', 'video', 'free', 'porn', 'movie', 'drtubercom']",berbahaya
https://extremetube.com,"['youporn', 'home', 'free', 'xxx', 'porn', 'video', 'sit', 'back', 'watch', 'unlimited', 'high', 'quality', 'hd', 'porn', 'heart', 'desire', 'enjoy', 'hottest', 'porno', 'movie', 'category', 'imagine', 'discover', 'sexiest', 'naked', 'pornstars', 'amateur', 'earth', 'world', 'favorite', 'sex', 'tube', 'youporn']","['free', 'porn', 'video', 'hd', 'porno', 'tube', 'xxx', 'sex', 'video', 'youporn']",berbahaya
https://slutload.com,"['slutload', 'best', 'amateur', 'adult', 'porn', 'movie', 'type', 'found', 'reliable', 'high', 'quality', 'xxx', 'free', 'porn', 'site']","['free', 'porn', 'video', 'xxx', 'movie', 'porno', 'sex', 'tube', 'slutload']",berbahaya
https://livejasmin.com,"['chat', 'free', 'livejasmin', 'watch', 'hd', 'live', 'sex', 'cam', 'show', 'model', 'wait', 'registration', 'require']","['live', 'sex', 'cam', 'show', 'free', 'chat', 'webcam', 'girl', 'livejasmin']",berbahaya
https://freeones.com,"['freeones', 'photo', 'video', 'link', 'today', 'pro', 'amateur', 'porn', 'star', 'sexiest', 'runway', 'model', 'super', 'model', 'top', 'female', 'celebrity']","['freeones', 'ultimate', 'babe', 'site', 'since']",berbahaya
https://tubegalore.com,"['huge', 'database', 'free', 'porn', 'tube', 'porn', 'vids', 'sort', 'category', 'porn', 'resource', 'ever', 'need', 'tubegalore', 'vortex']","['tube', 'galore', '', 'free', 'porn', 'tube']",berbahaya
https://fakku.net,"['fakku', 'large', 'english', 'hentai', 'publisher', 'world', 'thousand', 'uncensored', 'english', 'hentai', 'manga', 'comic', 'doujinshi', 'available']","['hentai', 'manga', 'anime', 'game', 'comic', 'fakku']",berbahaya
https://porntube.com,"['watch', 'free', 'porn', 'video', 'porntubecom', 'new', 'porn', 'video', 'add', 'daily', 'find', 'pornstars', 'download', 'free', 'sex', 'video', 'hd', 'mobile', 'ready']","['porntube', '', 'free', 'porn', 'video']",berbahaya
https://furaffinity.net,"['fur', 'affinity', 'thing', 'fluff', 'scale', 'feather']","['index', 'fur', 'affinity', '', 'dot', '', 'net']",berbahaya
https://suicidegirls.com,"['suicidegirls', 'global', 'adult', 'community', 'beautiful', 'naked', 'tattooed', 'pierce', 'model', 'share', 'nude', 'photo', 'blog', 'livestreams', 'video']",['suicidegirls'],berbahaya
https://4tube.com,"['free', 'porn', 'video', 'pornstars', 'sex', 'video', 'mobile', 'hd', 'ready', 'tubecom', 'find', 'pornstars', 'xxx', 'video', 'watch', 'download']","['free', 'porn', 'video', 'xxx', 'sex', 'tube', 'video', 'porno', 'tube']",berbahaya
https://adameve.com,"['shop', 'vibrator', 'dildo', 'prostate', 'toy', 'couple', 'kit', 'adam', 'eve', 'trust', 'since', 'great', 'price', 'free', 'gift', 'discreet', 'shipping']","['adam', 'eve', 'adult', 'toy', 'store', 'best', 'sex', 'toy', 'men', 'woman']",berbahaya
https://naughtyamerica.com,"['best', 'porn', 'movie', 'daily', 'naughty', 'america', 'experience', 'seductive', 'porn', 'star', 'stun', 'virtual', 'reality', 'k', 'hd', 'porn', 'video']","['naughty', 'america', 'official', 'hd', 'vr', 'porn', 'site']",berbahaya
https://gaytube.com,"['xtubecom', 'longer', 'available', 'watch', 'free', 'hardcore', 'porn', 'video', 'best', 'adult', 'community', 'straight', 'gay', 'sex', 'movie', 'full', 'hot', 'amateur']","['xtube', 'free', 'porn', 'sex', 'video', 'xxx', 'gay', 'porno']",berbahaya
https://bangbros.com,"['bang', 'bros', 'film', 'best', 'high', 'quality', 'porn', 'sexiest', 'amateur', 'girl', 'top', 'pornstars', 'update', 'daily', 'bangbroscom']","['bang', 'bros', 'amateur', 'hd', 'porn', 'video', 'reality', 'porn', 'sex', 'movie']",berbahaya
https://motherless.com,"['motherlesscom', 'moral', 'free', 'file', 'host', 'anything', 'legal', 'host', 'forever', 'motherless', 'large', 'active', 'community', 'meet', 'like', 'mind', 'individual']","['go', 'ahead', 'n t', 'look', 'motherlesscom', '']",berbahaya
https://efukt.com,"['adult', 'humor', 'adult', 'maker', 'lulz', 'shock', 'humor', 'porn', 'blooper', 'porn', 'fails', 'cam', 'whore', 'amateur', 'porn']","['adult', 'humor', 'adult', 'efuktcom']",berbahaya
https://alphaporno.com,"['wide', 'variety', 'best', 'sex', 'video', 'many', 'different', 'niche', 'alpha', 'porno', 'tube', 'famous', 'come', 'big', 'selection', 'free', 'hardcore', 'porn', 'daily']","['alpha', 'porno', 'big', 'porn', 'tube', 'best', 'sex', 'video', 'free']",berbahaya
https://planetsuzy.org,"['free', 'porn', 'video', 'celebs', 'vintage', 'classic', 'porn', 'pornstars', 'model', 'kinky', 'fetish', 'bdsm', 'gay', 'ethnic', 'gay', 'bi', 'sexual', 'shemale', 'ladyboy', 'hentai', 'anime', 'amateursoftcore', 'hardcoremen']","['free', 'porn', 'adult', 'video', 'forum']",berbahaya
https://ashemaletube.com,"['free', 'shemale', 'porn', 'video', 'huge', 'collection', 'free', 'tranny', 'porno', 'movie', 'new', 'shemale', 'tranny', 'sex', 'porn', 'tube', 'vids', 'deliver', 'everyday', 'ashemaletubecom']","['shemale', 'porn', 'free', 'tranny', 'porn', 'video', 'ashemaletubecom']",berbahaya
https://pornmd.com,"['pornmd', 'porn', 'search', 'engine', 'pull', 'best', 'video', 'best', 'porn', 'site', 'world', 'search', 'multiple', 'site']","['pornmd', 'search', 'engine', 'world', 'best', 'porn', 'site']",berbahaya
https://brazzersnetwork.com,"['brazzerscom', 'feature', 'hottest', 'pornstars', 'popular', 'brazzers', 'porn', 'video', 'adult', 'industry', 'watch', 'exclusive', 'sex', 'video', 'big', 'tit', 'hot', 'ass']","['brazzers', 'best', 'porn', 'site', 'world']",berbahaya
https://tnaflix.com,"['watch', 'free', 'xxx', 'porn', 'video', 'porno', 'movie', 'online', 'tnaflix', 'world', '', 'best', 'hardcore', 'sex', 'tube', 'site', 'hot', 'hd', 'porn', 'stream', 'download']","['free', 'porn', 'video', 'tnaflix', 'large', 'xxx', 'porno', 'tube', 'site']",berbahaya
https://fapdu.com,"['pornhub', 'world', '', 'lead', 'free', 'porn', 'site', 'choose', 'million', 'hardcore', 'video', 'stream', 'quickly', 'high', 'quality', 'include', 'amaze', 'vr', 'porn', 'large', 'adult', 'site', 'internet', 'keep', 'get', 'well', 'pornstars', 'real', 'amateur', 'anyone', 'else', '', 'fast', '', 'free', '', 'pornhub']","['free', 'porn', 'video', 'sex', 'movie', 'porno', 'xxx', 'porn', 'tube', 'pornhub']",berbahaya
https://fuq.com,"['fuqcom', 'porn', 'site', 'million', 'free', 'video', 'database', 'everything', 'ever', 'need', 'enter', 'enjoy', '']","['porn', 'video', 'fuqcom']",berbahaya
https://x-art.com,"['x', 'art', 'feature', 'world', 'fine', 'hd', 'erotic', 'video', 'erotic', 'photography', 'gorgeous', 'erotic', 'model', 'nude', 'model', 'usa', 'europe', 'south', 'america', 'shot', 'quality', 'clarity', 'top', 'photographer']","['x', 'art', '', 'beautiful', 'erotica']",berbahaya
https://perfectgirls.net,"['new', 'free', 'porn', 'video', 'every', 'day', 'ton', 'adult', 'movie', 'archive', 'bookmark', 'need', 'free', 'sex', 'fantasy']","['free', 'porn', 'free', 'sex', 'perfect', 'girl', 'tube', 'porn', 'movie', 'online']",berbahaya
https://twistys.com,"['hottest', 'high', 'quality', 'glamour', 'porn', 'year', 'model', 'scene', 'twistyscom']","['twistys', 'lesbian', 'glam', 'porn', 'twistyscom']",berbahaya
https://men.com,"['check', 'best', 'gay', 'porn', 'site', 'net', 'daily', 'update', 'award', 'win', 'original', 'series', 'exclusive', 'mencom', 'model', 'hottest', 'guy', 'gay', 'porn']","['mencom', 'best', 'gay', 'porn', 'site']",berbahaya
https://porn.com,"['free', 'porn', 'video', 'million', 'porncom', 'large', 'free', 'porn', 'tube', 'world', 'sex', 'video', 'hd', 'k', 'desktop', 'mobile', 'vr', 'porn', 'video', 'available']","['free', 'porn', 'video', 'hd', 'vr', 'sex', 'video', 'porncom', 'porn', 'tube']",berbahaya
https://pornoxo.com,"['porno', 'tube', 'video', 'adult', 'tube', 'movie', 'free', 'enjoy', 'present', 'pornoxo', 'new', 'free', 'porno', 'add', 'daily', 'exclusive', 'pornotube']","['free', 'porno', 'video', 'pic', 'pornoxocom']",berbahaya
https://chaturbate.com,"['watch', 'live', 'cam', 'registration', 'require', 'free', 'uncensored', 'adult', 'chat', 'start', 'chat', 'amateur', 'exhibitionist', 'pornstars', 'w', 'hd', 'video', 'audio']","['chaturbate', 'free', 'adult', 'webcam', 'live', 'sex', 'free', 'sex', 'chat', 'exhibitionist', 'pornstar', 'free', 'cam']",berbahaya
https://apetube.com,"['go', 'ape', 'best', 'porn', 'tube', 'apetubecom', 'porn', 'video', 'free', 'enter', 'go', 'banana']","['free', 'porn', 'ape', 'tube']",berbahaya
https://gonzoxxxmovies.com,"['tube', 'style', 'free', 'porn', 'video', 'amp', '', 'movie', 'free', 'porn', 'gonzo', 'xxx', 'movie', 'free', 'enjoy']","['porn', 'video', 'gonzo', 'xxx', 'movie']",berbahaya
https://fleshbot.com,"['fleshbot', 'hottest', 'long', 'run', 'porn', 'blog', 'pornstar', 'interview', 'sexy', 'photo', 'hardcore', 'video', 'new', 'adult', 'dvd']","['pornstar', 'blog', 'porn', 'star', 'news', 'adult', 'dvd', 'review', 'fleshbot']",berbahaya
https://nuvid.com,"['nuvid', 'phenomenon', 'modern', 'pornography', 'almost', 'year', 'history', 'publishing', 'hottest', 'porn', 'video', 'online', 'nuvidcom', 'still', 'rock', 'hard']","['new', 'porno', 'video', 'free', 'sex', 'movie', 'nuvid']",berbahaya
https://badjojo.com,"['badjojo', 'free', 'porn', 'search', 'engine', 'million', 'free', 'video', 'amateur', 'teen', 'milf', 'video', 'best', 'porn', 'site']","['badjojo', 'porn', 'search']",berbahaya
https://sankakucomplex.com,"['anime', 'manga', 'game', 'observe', 'japan']","['sankaku', 'complex', '', 'anime', 'manga', 'game', 'observe', 'japan']",berbahaya
https://camfuze.com,"['best', 'free', 'live', 'webcam', 'show', 'girl', 'mature', 'woman', 'couple', 'amateur', 'pornstars', 'watch', 'cam', 'naked', 'model', 'spy', 'free', 'watch', 'free', 'chat']","['watch', 'free', 'live', 'female', 'sex', 'webcam', 'xxx', 'show', 'camfuzecom']",berbahaya
https://cliphunter.com,"['cliphunter', 'delivers', 'free', 'porn', 'movie', 'fast', 'porn', 'tube', 'experience']","['free', 'porn', 'sex', 'video', 'xxx', 'tube', 'cliphuntercom']",berbahaya
https://eporner.com,"['watch', 'full', 'hd', 'porn', 'video', 'free', 'full', 'length', 'hardcore', 'hd', 'sex', 'movie', 'p', 'p', 'k', 'watch', 'online', 'download']","['hd', 'porn', 'video', 'full', 'high', 'definition', 'movie', 'eporner']",berbahaya
https://slutroulette.com,"['watch', 'live', 'sex', 'cam', 'adult', 'cam', 'chatroulette', 'free', 'sex', 'chat', 'hot', 'cam', 'girl', 'live', 'sex', 'cam', 'platform', 'nude', 'girl', 'put', 'free', 'cam', 'show']","['slutroulette', '', 'free', 'live', 'sex', 'cam', 'adult', 'chat', 'version', 'chatroulette']",berbahaya
https://gaymaletube.com,"['gaymaletube', 'hottest', 'gay', 'porn', 'cater', 'need', 'make', 'rock', 'hard', 'second', 'enter', 'get']","['gay', 'porn', 'gay', 'male', 'tube']",berbahaya
https://gelbooru.com,"['million', 'free', 'hentai', 'anime', 'video', 'image', 'wallpaper', 'account', 'need', 'update', 'constantly']","['gelbooru', 'free', 'anime', 'hentai', 'gallery']",berbahaya
https://elephanttube.com,"['free', 'porn', 'movie', '', 'elephanttube', 'enter', 'enjoy', 'large', 'collection', 'porn', 'million', 'free', 'porn', 'movie', 'visit', 'u']","['free', 'online', 'porn', 'video', 'elephanttube']",berbahaya
https://realitykings.com,"['home', 'hd', 'reality', 'porn', 'feature', 'nice', 'tit', 'online', 'hottest', 'curvy', 'girl', 'real', 'amateur', 'sex', 'story', 'realitykingscom']","['reality', 'king', 'world', 'best', 'real', 'porn', 'site']",berbahaya
https://kindgirls.com,"['nude', 'girl', 'free', 'picture', 'video']","['kindgirls', 'nude', 'girl', 'erotic', 'photo', 'video']",berbahaya
https://boobpedia.com,"['boobpedia', 'user', 'editable', 'encyclopedia', 'woman', 'big', 'tit', 'look', 'favourite', 'busty', 'nude', 'model', 'porn', 'star', 'discover', 'new', 'favourite']","['big', 'tit', 'boobpedia']",berbahaya
https://imagefap.com,"['browse', 'million', 'hot', 'free', 'porn', 'pic', 'sex', 'gifs', 'hot', 'nude', 'photo', 'gallery', 'amateur', 'xxx', 'photo', 'imagefap', 'world', 'large', 'porn', 'pic', 'share', 'community']","['free', 'porn', 'pic', 'adult', 'photo', 'xxx', 'image', 'sex', 'gifs', 'imagefap']",berbahaya
https://vintage-erotica-forum.com,"['vintage', 'erotica', 'forum', 'vintage', 'classic', 'erotica', 'forum', 'web', 'member']","['vintage', 'erotica', 'forum']",berbahaya
https://hottystop.com,"['hottystop', 'quality', 'softcore', 'website', 'hot', 'teen', 'babe', 'hotties', 'much', 'sexy', 'content']","['hot', 'girl', 'teen', 'hotties', 'hottystopcom']",berbahaya
https://mofos.com,"['mofos', 'brings', 'best', 'amateur', 'content', 'world', 'free', 'video', 'beautiful', 'pornstars', 'hardcore', 'action', 'stun', 'k', 'enjoy', 'thousand', 'video', 'choose', 'mofos']","['mofoscom', 'world', 'best', 'amateur', 'pov', 'porn', 'video']",berbahaya
https://youngpornvideos.com,"['free', 'teen', 'porn', 'video', 'hardcore', 'hd', 'sex', 'petite', 'schoolgirl', 'cheerleader', 'college', 'girl', 'babysitter', 'innocent', 'virgin', 'model', 'legal']","['young', 'porn', 'video', 'free', 'teen', 'porn', 'hd', 'hardcore', 'xxx', 'sex', 'movie']",berbahaya
https://pichunter.com,"['free', 'porn', 'sex', 'photo', 'nude', 'pussy', 'pic', 'pichunter', 'large', 'collection', 'free', 'porn', 'trust', 'since']","['free', 'porn', 'sex', 'xxx', 'pic', 'adult', 'photo', 'hardcore', 'nude', 'pussy', 'pichunter']",berbahaya
https://zootube365.com,"['animal', 'sex', 'video', 'horse', 'sex', 'dog', 'porn', 'human', 'beastiality', 'porn', 'video', 'bestiality', 'zoo', 'tube', 'woman', 'dog', 'animal', 'porn', 'horse', 'cum', 'girl']","['animal', 'sex', 'zoo', 'tube', 'free', 'dog', 'sex', 'horse', 'porn', 'beastiality', 'video', 'sex', 'animal', 'porn', 'woman', 'fuck']",berbahaya
https://freeporn.com,"['free', 'porn', 'xxx', 'sex', 'video', 'freeporncom']","['free', 'porn', 'xxx', 'sex', 'video', 'freeporn']",berbahaya
https://wetpussygames.com,"['wet', 'pussy', 'game', 'offer', 'high', 'quality', 'hentai', 'game', 'porn', 'game', 'sex', 'game', 'sort', 'crazy', 'hentai']","['hentai', 'game', 'sex', 'game', 'anime', 'porn']",berbahaya
https://pornerbros.com,"['pornerbros', 'free', 'sex', 'video', 'porn', 'video', 'watch', 'download', 'free', 'porn', 'video', 'hd', 'new', 'video', 'every', 'hour']","['free', 'sex', 'video', 'xxx', 'porn', 'video', 'pornstars', 'porno', 'pornerbros']",berbahaya
https://femjoy.com,"['nude', 'art', 'photography', 'video', 'world', 'beautiful', 'female', 'model']","['femjoy', 'pure', 'nude', 'art', 'female', 'photography', 'video', 'femjoy']",berbahaya
https://dudesnude.com,"['free', 'gay', 'picture', 'video', 'profile', 'webcam', 'friendly', 'community', 'hot', 'men']",['dudesnude'],berbahaya
https://silverdaddies.com,"['free', 'site', 'personal', 'ad', 'fan', 'sexy', 'daddy', 'silver', 'fox', 'mature', 'men', 'naked', 'daddy']","['silverdaddies', 'date', 'mature', 'gay', 'men']",berbahaya
https://swinglifestyle.com,"['create', 'free', 'account', 'meet', 'real', 'life', 'swinger', 'adult', 'personal', 'club', 'party', 'everything', 'need', 'start', 'sexual', 'revolution']","['swinger', 'lifestyle', 'community', 'adult', 'personal', 'club', 'event']",berbahaya
https://givemegay.com,"['watch', 'free', 'gay', 'porn', 'video', 'find', 'favourite', 'twinks', 'bear', 'stud', 'free', 'gay', 'sex', 'video']","['free', 'gay', 'sex', 'video', 'porn', 'pornerbros']",berbahaya
https://homemoviestube.com,"['free', 'homemade', 'porno', 'tube', 'user', 'submit', 'sex', 'video', 'photo', 'homemoviestubecom', 'amateur', 'porn', 'tube']","['homemade', 'porn', 'video', 'free', 'amateur', 'sex', 'movie', 'real', 'porno', 'photo', 'homemoviestubecom']",berbahaya
https://lobstertube.com,"['lobstertube', 'cooked', 'best', 'porn', 'net', 'million', 'delicious', 'porn', 'tube', 'movie', 'menu', 'enter', 'need', 'reservation']","['sex', 'movie', 'tube', 'lobster', 'tube']",berbahaya
https://tubepleasure.com,"['porn', 'video', 'milf', 'mom', 'stepmom', 'lesbian', 'interracial', 'japanese', 'teen', 'massage', 'shemale', 'wife', 'beauty', 'threesome', 'mature', 'seduce', 'anal', 'much']","['tube', 'pleasure', 'free', 'tube', 'porn', 'video']",berbahaya
https://flirt4free.com,"['interactive', 'cam', 'room', 'hottest', 'girl', 'around', 'world', 'porn', 'star', 'amateur', 'fetish', 'model', 'cam', 'girl', 'always', 'ready', 'play']","['flirtfree', 'flirt', 'free', 'live', 'cam', 'girl']",berbahaya
https://pornorama.com,"['pornoramacom', '', 'free', 'porno', 'long', 'streamable', 'video', 'completely', 'free']","['free', 'porno', 'video', 'pornoramacom']",berbahaya
https://voyeurweb.com,"['free', 'voyeur', 'photo', 'video', 'sexy', 'nude', 'housewife', 'compete', 'win', 'cash', 'prize']","['real', 'voyeur', 'pic', 'amateur', 'video', 'voyeurweb']",berbahaya
https://pornpros.com,"['watch', 'best', 'hd', 'exclusive', 'movie', 'video', 'porn', 'pro', 'hottest', 'new', 'pornstar', 'amateur', 'girl', 'high', 'definition', 'update', 'daily']","['hd', 'porn', 'hardcore', 'teen', 'sex', 'movie', 'pornpros']",berbahaya
https://bravoerotica.com,"['bravoeroticacom', 'provide', 'thumbnailed', 'link', 'beautiful', 'nude', 'model', 'pussy', 'net', 'daily', 'update', 'erotic', 'picture', 'gallery']","['erotic', 'picture', 'beautiful', 'nude', 'girl', 'pussy', 'bravo', 'erotica']",berbahaya
https://pornrabbit.com,"['free', 'porn', 'tube', 'video', 'sex', 'movie', 'pornrabbitcom', 'daily', 'update', 'naked', 'amateur', 'girl', 'xxx', 'pornstars', 'sex', 'video', 'show', 'pussy', 'tit']","['free', 'porn', 'video', 'sex', 'tube', 'movie', 'xxx', 'porno', 'pornrabbitcom']",berbahaya
https://digitalplayground.com,"['digitalplaygroundcom', 'leader', 'high', 'quality', 'adult', 'blockbuster', 'movie', 'award', 'win', 'sex', 'parody', 'feature', 'exclusive', 'pornstars', 'online', 'adult', 'film', 'database', 'adult', 'movie']","['digital', 'playground', 'best', 'adult', 'movie', 'porn', 'series', 'hd', 'sex', 'video']",berbahaya
https://madthumbs.com,"['free', 'porno', 'video', 'amateur', 'sex', 'tape', 'stream', 'pussy', 'movie', 'free', 'xxx', 'porn', 'tube', 'planet', 'update', 'constantly', 'high', 'quality', 'free', 'porno', 'video']","['free', 'porno', 'movie', 'sex', 'tape', 'xxx', 'clip', 'madthumbs']",berbahaya
https://orgasm.com,"['free', 'porn', 'never', 'hotter', 'orgasmcom', 'find', 'late', 'porn', 'star', 'sex', 'news', 'best', 'selection', 'hd', 'porn', 'video', 'today']","['orgasmcom', 'free', 'porn', 'sex', 'video', 'free', 'hd', 'xxx']",berbahaya
https://boyfriendtv.com,"['free', 'gay', 'porn', 'video', 'huge', 'collection', 'free', 'gay', 'porno', 'movie', 'new', 'gay', 'men', 'twink', 'sex', 'porn', 'tube', 'vids', 'deliver', 'everyday', 'boyfriendtvcom']","['gay', 'porn', 'free', 'gay', 'porn', 'video', 'boyfriendtvcom']",berbahaya
https://sunporno.com,"['source', 'free', 'porno', 'video', 'famous', 'pornstars', 'fresh', 'hd', 'video', 'best', 'porn', 'producer', 'homemade', 'amateur', 'stuff']","['free', 'porno', 'video', 'sex', 'movie', 'porno', 'xxx', 'porn', 'tube', 'sunporno']",berbahaya
https://gotgayporn.com,"['love', 'love', 'give', 'loyal', 'customer', 'hottest', 'gay', 'porn', 'find', 'around', 'internet', 'one', 'stop', 'shop', 'gay', 'porn', 'tube', 'ever', 'need']","['free', 'gay', 'porn', 'gotgayporncom']",berbahaya
https://bravotube.net,"['handpicked', 'online', 'stream', 'porn', 'video', 'endless', 'enjoyment', 'tube', 'porn', 'video', 'need']","['bravotube', 'porn', 'tube', 'free', 'sex', 'video']",berbahaya
https://youporngay.com,"['visit', 'youporngaycom', 'best', 'gay', 'porn', 'movie', 'get', 'hot', 'twink', 'hunk', 'suck', 'huge', 'cock', 'anal', 'sex', 'free', 'video']","['gay', 'porn', 'movie', 'huge', 'cock', 'twinks', 'free', 'video', 'youporn']",berbahaya
https://deviantclip.com,"['deviantclip', 'huge', 'library', 'hardcore', 'porn', 'weird', 'porn', 'extreme', 'porn', 'new', 'xxx', 'porn', 'video', 'add', 'hourly', 'view', 'pleasure']","['free', 'porn', 'tube', 'video', 'extreme', 'hardcore', 'porn', 'free', 'sex', 'video', 'deviantclip']",berbahaya
https://naked.com,"['welcome', 'naked', 'free', 'live', 'cam', 'sex', 'chat', 'video', 'chat', 'live', 'amateur', 'cam', 'model', 'pornstars', 'around', 'world']","['naked', 'free', 'live', 'nude', 'cam', 'model', 'sex', 'chat']",berbahaya
https://fuskator.com,"['fuskator', 'provide', 'nude', 'image', 'gallery', 'contribute', 'user', 'similar', 'image', 'dump', 'site']","['fuskator', 'porn', 'gallery']",berbahaya
https://fux.com,"['free', 'best', 'sex', 'video', 'full', 'hd', 'porn', 'film', 'hot', 'amateur', 'pornstars', 'free', 'video', 'xxx', 'porn', 'teen', 'lesbian', 'mature', 'anal', 'mom', 'black', 'asi']","['sex', 'video', 'free', 'porn', 'video', 'pornstars', 'fux']",berbahaya
https://tubekitty.com,"['tube', 'kitty', 'perrr', 'fect', 'tube', 'site', 'free', 'pussy', 'movie', 'different', 'shape', 'form', 'find', 'best', 'pussy', 'pleasure', 'meowww']","['check', 'nice', 'pussy', 'tube', 'kitty', 'free']",berbahaya
https://rk.com,['wwwrkcom'],"['reality', 'king']",berbahaya
https://imlive.com,"['watch', 'hot', 'woman', 'host', 'cam', 'show', 'live', 'webcam', 'sex', 'host', 'get', 'naughty', 'webcam', 'check', 'tile', 'view', 'page']","['woman', 'host', 'live', 'webcam', 'sex', 'imlivecom', 'tile', 'view']",berbahaya
https://theeroticreview.com,"['erotic', 'review', 'top', 'community', 'escort', 'hobbyist', 'service', 'provider', 'find', 'escort', 'review', 'site', 'review', 'discussion', 'board', 'live', 'chat', 'guide']","['erotic', 'review']",berbahaya
https://squirt.org,"['find', 'hot', 'local', 'gay', 'bi', 'men', 'search', 'best', 'cruise', 'spot', 'squirtorg', 'use', 'cruise', 'directory', 'profile', 'realize', 'sexual', 'fantasy']","['gay', 'hookup', 'date', 'cruise', 'sex', 'site']",berbahaya
https://joymii.com,"['joymii', 'brings', 'sensual', 'porn', 'feature', 'young', 'woman', 'erotic', 'sex', 'scene', 'porn', 'artful', 'erotic', 'pure', 'give']","['artful', 'sensual', 'porn', 'erotic', 'sex', 'pic', 'joymii']",berbahaya
https://watchersweb.com,"['free', 'homemade', 'porn', 'voyeur', 'milf', 'amateur', 'submit', 'photo']","['watchersweb', 'homemade', 'porn', 'real', 'voyeur', 'amateur', 'sex', 'picture', 'wife', 'girlfriend']",berbahaya
https://definebabe.com,"['definebabe', 'global', 'database', 'pornstars', 'babe', 'ever', 'film', 'online', 'adult', 'industry', 'try', 'keep', 'information', 'date', 'find', 'bio', 'pic', 'gallery', 'video', 'clip', 'content', 'fair', 'amount', 'babe']","['define', 'sexy', 'babe', 'hot', 'video', 'clip', 'nude', 'pic', 'gallery', 'babe', 'bio']",berbahaya
https://nifty.org,"['freely', 'accessible', 'archive', 'ten', 'thousand', 'sexually', 'explicit', 'erotica', 'story']","['nifty', 'erotic', 'story', 'archive', 'website']",berbahaya
https://entensity.net,"['entensity', 'something', 'everyone']","['entensitynet', 'update', 'daily']",berbahaya
https://fling.com,"['fling', 'best', 'online', 'date', 'website', 'adult', 'trade', 'picture', 'speak', 'others', 'webcam', 'mobile', 'hook']","['fling', 'official', 'big', 'adult', 'personal', 'date', 'site']",berbahaya
https://hotmovies.com,"['full', 'length', 'adult', 'video', 'demand', 'perfectly', 'organize', 'database', 'state', 'art', 'search', 'tool', 'get', 'right', 'movie', 'want']","['hot', 'movie', 'porn', 'database', 'adult', 'video', 'demand', 'porn', 'star']",berbahaya
https://babes.com,"['babescom', 'pornsite', 'offer', 'perfect', 'girl', 'hd', 'sensual', 'porn', 'check', 'free', 'tour', 'taste', 'whats', 'inside']","['babe', 'hot', 'girl', 'hd', 'sensual', 'porn', 'video']",berbahaya
https://submityourflicks.com,"['amateur', 'porn', 'game', 'bring', 'best', 'homemade', 'amateur', 'porn', 'internet', 'year']","['homemade', 'amateur', 'porn', 'submityourflickscom']",berbahaya
https://xxxymovies.com,"['free', 'xxx', 'movie', 'ultimate', 'free', 'porn', 'tube', 'site', 'new', 'porn', 'video', 'everyday', 'porn', 'star', 'amateur', 'watch', 'download', 'free']","['free', 'porn', 'movie', 'free', 'hd', 'porn', 'video', 'xxx', 'movie', 'xxxymoviescom']",berbahaya
https://4porn.com,"['porncom', 'massive', 'collection', 'free', 'porn', 'porn', 'video', 'best', 'hardcore', 'movie', 'online', 'let', 'u', 'show', 'internet', 'porn', 'stepmom', 'beauty', 'mom', 'milf', 'japanese', 'teen', 'maid', 'shemale', 'seduce', 'surprise', 'cheat', 'lesbian', 'massage', 'big', 'big', 'cock', 'much']","['porn', 'porn', 'free', 'porn', 'tube', 'porn', 'porn', 'movie', 'porn', 'clip']",berbahaya
https://cams.com,"['thousand', 'free', 'private', 'live', 'sex', 'cam', 'adult', 'chat', 'hd', 'stream', 'video', 'audio', 'watch', 'real', 'amateur', 'pornstars', 'online', '']","['camscom', 'free', 'sex', 'cam', 'live', 'sex', 'chat', '', 'camscom']",berbahaya
https://youngleafs.com,"['free', 'porn', 'movie', 'tube', 'video', 'porno', 'clip']","['free', 'porn', 'video', 'tube', 'sex', 'movie', 'xxx', 'porno', 'pussy', 'hd']",berbahaya
https://worldsex.com,"['worldsex', 'offer', 'free', 'sex', 'pic', 'xxx', 'porn', 'movie', 'since', 'watch', 'download', 'free', 'mobile', 'porn', 'see', 'xxx', 'tube', 'movie', 'recent', 'popular', 'pornstars']","['free', 'sex', 'pic', 'video', 'mobile', 'porn', 'xxx', 'worldsexcom']",berbahaya
https://adultwork.com,"['adult', 'entertainment', 'service', 'provider', 'directory', 'escort', 'webcam', 'phone', 'chat sex', 'movie']","['adultworkcom', 'adult', 'service', 'provider', 'erotic', 'content', 'escort', 'webcammers', 'sm', 'phone', 'chat sex', 'movie', 'gallery', 'auction']",berbahaya
https://greengaytube.com,"['fast', 'gay', 'tube', 'high', 'quality', 'video', 'collect', 'thousand', 'site', 'new', 'film', 'add', 'every', 'hour']","['green', 'gay', 'tube', 'free', 'stream', 'video', 'xxx', 'sex', 'movie', 'porn', 'clip']",berbahaya
https://largeporntube.com,"['watch', 'free', 'porn', 'video', 'porntubecom', 'new', 'porn', 'video', 'add', 'daily', 'find', 'pornstars', 'download', 'free', 'sex', 'video', 'hd', 'mobile', 'ready']","['porntube', '', 'free', 'porn', 'video']",berbahaya
https://hornywhores.net,"['free', 'sex', 'free', 'porn', 'free', 'direct', 'download']","['hornywhoresnet', 'free', 'sex', 'free', 'porn', 'free', 'direct', 'download']",berbahaya
https://taxidrivermovie.com,"['hottest', 'nude', 'celebs', 'photo', 'picture', 'video', 'taxidrivermoviecom', 'celeb', 'porn', 'picture', 'like', 'never', 'see', 'photo', 'add', 'daily']","['free', 'nude', 'celebs', 'pornstars', 'sex', 'photo', 'xxx', 'image', 'category', 'taxi', 'driver', 'movie']",berbahaya
https://hot-sex-tube.com,"['daily', 'update', 'free', 'porn', 'tube']","['hot', 'sex', 'tubecom', 'free', 'porn', 'video', 'xxx', 'porn', 'movie', 'hot', 'sex', 'tube']",berbahaya
https://scoreland.com,"['welcome', 'scoreland', 'big', 'boob', 'big', 'tit', 'video', 'photo', 'world', 'big', 'tit']","['big', 'boob', 'scoreland']",berbahaya
https://aebn.net,"['trust', 'adult', 'video', 'provider', 'since', '', 'thousand', 'xxx', 'video', 'demand', 'hottest', 'adult', 'studio', 'porn', 'star']","['aebn', '', 'xxx', 'adult', 'video', 'stream', 'downloads', 'rental']",berbahaya
https://boysfood.com,"['free', 'porn', 'video', 'available', 'online', 'instant', 'play', 'download', 'signup', 'require', 'free', 'porn', 'click', 'play', 'free', 'porn', 'video']","['free', 'porn', 'video', 'full', 'length', 'porn', 'movie', 'clip', 'boysfoodcom']",berbahaya
https://jjgirls.com,"['jjgirls', 'japanese', 'av', 'idol', 'sex', 'photo', 'porn', 'pic', 'jav', 'tube', 'xxx', 'movie', 'tgp', 'jjgirls', 'daily', 'japanese', 'dmm', 'r', 'jav', 'av', 'idol', 'porn', 'picture', 'sex', 'photo', 'xxx', 'tube', 'free', 'japanese', 'pussy', 'picture', 'japanese', 'schoolgirl', 'jav', 'girl', 'nude', 'japanese', 'babe', 'asi', 'sex', 'movie', 'asi', 'porn', 'video', 'asi', 'girl', 'image', 'japanese', 'bukkake', 'bondage', 'asi', 'porn', 'pic', 'tgp', 'japanese', 'porn', 'tube']","['jjgirls', 'japanese', 'av', 'idol', 'sex', 'photo', 'porn', 'pic', 'jav', 'tube', 'xxx', 'movie', 'tgp']",berbahaya
https://eroticbeauties.net,"['browse', 'k', 'nude', 'photo', 'beautiful', 'naked', 'woman', 'free', 'erotic', 'beauty', 'discover', 'grow', 'collection', 'hand', 'picked', 'nude', 'picture', 'gallery', 'update', 'daily']","['beautiful', 'naked', 'woman', 'sexy', 'nude', 'pic', 'erotic', 'beauty']",berbahaya
https://fulltubemovies.com,"['watch', 'hottest', 'video', 'brazzers', 'one', 'site', 'free', 'bring', 'best', 'video', 'collection', 'enjoyment']","['brazzers', 'xxx', 'free', 'porn', 'video', 'library', 'watch', 'adult', 'film']",berbahaya
