,Category,url,Description,description,title
0,Porn,https://pornhub.com,"Free Porn Videos & Sex Movies - Porno, XXX, Porn Tube and Pussy Porn - Free porn sex videos &amp; pussy movies. Porn hub is the ultimate xxx porn,sex and pussy tube, download sex videos or stream free xxx and free pussy movies.","Pornhub is the world‚Äôs leading free porn site. Choose from millions of hardcore videos that stream quickly and in high quality, including amazing VR Porn. The largest adult site on the Internet just keeps getting better. We have more pornstars and real amateurs than anyone else. It‚Äôs fast, it‚Äôs free, it‚Äôs Pornhub!","Free Porn Videos & Sex Movies - Porno, XXX, Porn Tube | Pornhub"
1,Porn,https://xvideos.com,Free Porn Videos - XVIDEOS.COM - XVIDEOS Free Porn Videos free,XVIDEOS Free Porn Videos,Free Porn Videos - XVIDEOS.COM
2,Porn,https://xhamster.com,XHamster's Free Porn Videos - xHamster's Free Porn Videos. Biggest collection of free amateur porn videos! Tons of well organized movies are waiting for you,"Watch more than 5 million Porn Videos on xHamster for free. Stream new XXX tube movies online, browse sex photos, date girls to fuck at xHamster!",Free Porn Videos & Sex Tube Movies at xHamster
3,Porn,https://redtube.com,Free Porn Sex Videos - Redtube - XXX Movies - Home of Videos Porno - RedTube brings you new free porn videos every day. Watch great xxx sex videos and pornos at the best free pussy and porn tube site on the web.,"Redtube brings you NEW porn videos every day for free. Enjoy our XXX movies in high quality HD resolution on any device. Get fully immersed with the latest virtual reality sex videos from top adult studios. Stream all of the hottest porn movies from your favorite categories, pornstars and porn channels !",Free Porn Sex Videos - Redtube - XXX Movies - Home of Videos Porno
4,Porn,https://xnxx.com,"Free Porn, Sex, Tube Videos, XXX Pics, Porno Movies - XNXX.COM - XNXX delivers free sex movies and fast free porn videos (tube porn). Now 1 million+ sex vids available for free! Featuring hot pussy, sexy girls in xxx rated porn clips.","XNXX delivers free sex movies and fast free porn videos (tube porn). Now 10 million+ sex vids available for free! Featuring hot pussy, sexy girls in xxx rated porn clips.","Free Porn, Sex, Tube Videos, XXX Pics, Pussy in Porno Movies - XNXX.COM"
5,Porn,https://myfreecams.com,"MyFreeCams.com - The #1 adult webcam community. Free live webcams and video-chat. - MyFreeCams is an interactive free live webcam community for adults, featuring beautiful models and amateurs in live video-chat rooms with sound.","MyFreeCams is the original free webcam community for adults, featuring live video chat with thousands of models, cam girls, amateurs and female content creators!",MyFreeCams - The #1 adult webcam community!
6,Porn,https://youjizz.com,"Porn Tube, You Porn, Free Porn Movies, Porntube, Sex Tube, Pornotube, Porno Tube, Sextube, Mobile Porn - Youjizz Porn Tube! Free porn movies and sex videos on your desktop or mobile phone.",Youjizz Porn Tube! Free porn movies and sex videos on your desktop or mobile phone.,"porntube, porn tube, mobile porn, pornotube, you porn, youporn"
7,Porn,https://youporn.com,"Porn Videos, Sex, XXX, Free Porn - YouPorn - You Porn.com is the largest porn site on the web with the best variety of free full length porn videos - XXX, sex, porno, hardcore sex and more","YouPorn is your home for free XXX porn videos. Sit back and watch all of the unlimited, high quality HD porn your heart desires. Enjoy the hottest porno movies from just about any category you can imagine. Discover the sexiest naked pornstars and amateurs on Earth, only on the world's favorite sex tube - YouPorn!",Free Porn Videos - HD Porno Tube & XXX Sex Videos | YouPorn
8,Porn,https://tube8.com,Tube8 :: Free Sex Videos - The Free Porn Tube Video Site - Streaming the best free porn videos on Tube 8. We have the Best SEXtube on the net giving you the HOTTEST free sex movies & porntube videos.,Watch the hottest free sex videos at Tube8. Enjoy an exclusive porn collection of selected sex scenes and full porn movies at home or on the go on your mobile device. Tube8 is the porno tube with the fastest streaming HD videos.,Tube8: Free Porn Videos & XXX Sex Movies - HD Porno Tube
9,Porn,https://cam4.com,"Free Live Sex Webcams - Free Live Cams Sex Chat - Click here for Free Webcams. Watch live web cam shows of girls, men, couples, & transgender. Free cams of amateur exhibitionists. Free to broadcast, free to watch, free to chat.","Watch Real People Naked & Having Sex Live on Webcam 24/7. 100% Free to Watch, Chat & Broadcast. No-Sign Up & No Registration Required.","Cam4 Free Live Sex Cams, Adult Sex Chat ‚ù§Ô∏è Naked Pornstar Cams | CAM4.com"
10,Porn,https://playboy.com,"Hot Girls, Sexy Girls, Naked Women, Nude Pics, Sexy Women, Playmates, Playboy Magazine, Naked Celebs, Playboy.com - See hot girls, nude girls, naked women in sexy pics and videos. Find hundreds of hot girls posing nude for Playboy, including naked celebs and Playmates. Browse Playboy magazine artic","Wear the Playboy Collection. Styles include Playboy Logo Clothing, Hoodies, Sweatshirts, Sweatpants, Earrings, Necklaces and Vintage looks. For Men and Women.","Shop The Playboy Store. Hoodies, T-Shirts, Unisex styles."
11,Porn,https://spankwire.com,"Free Porn, Sex Videos 4 You, Porno Hub, Porn Tube, XXX Movies - Free porn video tube site updated constantly. Selective hot xxx porno, sex videos. Free Ipad streaming Porn in adult site with sex videos, teens, big tits,hentai movies.","YouPorn is your home for free XXX porn videos. Sit back and watch all of the unlimited, high quality HD porn your heart desires. Enjoy the hottest porno movies from just about any category you can imagine. Discover the sexiest naked pornstars and amateurs on Earth, only on the world's favorite sex tube - YouPorn!",Free Porn Videos - HD Porno Tube & XXX Sex Videos | YouPorn
12,Porn,https://xtube.com,"Xtube :: Free Porn, Sex Movies & Porn Tube - XXX Gay Porno Videos - Enjoy FREE hardcore porn videos at Xtube. The best Straight Sex Movies and Gay XXX Hardcore Porno with Anal, BIG Cock, Big Tits, Hot Teens and Sex Clips.",Xtube.com is no longer available. Watch FREE hardcore porn videos. The best Adult Community with both Straight and Gay Sex Movies full of hot 18+ amateurs.,XTUBE | Free Porn and Sex Videos - XXX Gay Porno
13,Porn,https://brazzers.com,"Best HD Porn Site For Big Tit Pornstar Videos & Milf Movies - BRAZZERS - Watch the best exclusive HD porn videos & free mobile porn updated daily. Brazzers porn, now available on Iphone & Ipad, is the leader in big tits and milf pornstars movies.","Brazzers.com features the hottest pornstars in the most popular brazzers porn videos in the adult industry. Watch exclusive sex videos with big tits, hot asses, and more!",Brazzers | #1 Best Porn Site In the WORLD
14,Porn,https://beeg.com,Beeg. - 8-40 min long quality porn videos. Sorted by date.,,Beeg
15,Porn,https://yourlust.com,Free porn tube videos at YourLust! XXX tube sex movies of fucked sexy babes. Long porn tube movies! - YourLust.com is your daily source for free porn tube videos. You'll always find the hottest XXX sex tube movies. YourLust - is your favorite tube porn hub!,,Free porn tube videos at YourLust! XXX tube sex movies of fucked sexy babes. Long porn tube movies!
16,Porn,https://clips4sale.com,"Amateur Porn | Fetish Porn Videos - Clips4sale - Download over 5,000,000 adult amateur porn fetish sex hardcore movies, videos and clips. 600 fetish categories, 50,000 different studios. Clips4Sale.com has everything from anal sex to armpit tickling. The largest collection of fetish videos and amat","Download over 5,000,000 adult amateur porn fetish sex hardcore movies, videos and clips. 600 fetish categories, 50,000 different studios. Clips4Sale.com has everything from anal sex to tickling videos. The largest collection of fetish videos and amateur porn video clips. Hardcore amateur fetish sex videos.",Amateur Porn | Fetish Porn Videos - Clips4sale
17,Porn,https://keezmovies.com,"Free Porn Tube, Sex Videos, Porno Clips,XXX Pornstars- Keez movies - Hot free porn tube movies, XXX amateur sex videos, & upload Your Own porno movies. See the hottest porn stars having sex at the best porntube Keezmovies.com","YouPorn is your home for free XXX porn videos. Sit back and watch all of the unlimited, high quality HD porn your heart desires. Enjoy the hottest porno movies from just about any category you can imagine. Discover the sexiest naked pornstars and amateurs on Earth, only on the world's favorite sex tube - YouPorn!",Free Porn Videos - HD Porno Tube & XXX Sex Videos | YouPorn
18,Porn,https://drtuber.com,"Free Porn Videos, Free Sex Tube Movies, Mobile Porn - DrTuber.com - Watch Our Big Collection of Free Porn Videos. Download Free Porn Movies and Mobile Porn. Share Your Own Sex Movies on DrTuber.com!","DrTuber is the phenomenon of modern pornography. With almost 10 years history of publishing the hottest porn videos online, DrTuber.com still rocks hard!",New XXX Videos & Free Porn Movies @ DrTuber.com
19,Porn,https://hardsextube.com,"Hard Sex Tube -  for every fan of hot porn videos and free porn - Check out tons of hottest porn videos and hot sex scenes with the finest porn stars doing their stuff or with amateur sex cuties who love rough sex and hard anal sex. Or enjoy some fine group sex scenes, you pick. ",error,error
20,Porn,https://extremetube.com,"Extremetube:: Free Extreme Anal Sex Porn Tube and Bondage Videos - Looking for FREE ANAL SEX VIDEOS? Extreme tube brings you bondage, femdom and extreme hardcore porn videos. Free Bondage Porno Clips and Extreme Sex","YouPorn is your home for free XXX porn videos. Sit back and watch all of the unlimited, high quality HD porn your heart desires. Enjoy the hottest porno movies from just about any category you can imagine. Discover the sexiest naked pornstars and amateurs on Earth, only on the world's favorite sex tube - YouPorn!",Free Porn Videos - HD Porno Tube & XXX Sex Videos | YouPorn
21,Porn,https://slutload.com,SlutLoad ‚Ñ¢ - Free Porn Videos / Upload Porn For Free - Worlds Largest Adult Video Sharing Community. Upload porn for free. Best Porn Tube,Slutload has the best amateur and adult porn movies of all types. You have found the most reliable and high quality xxx free porn site.,"Free Porn Videos & XXX Movies - Porno, Sex Tube | Slutload"
22,Porn,https://livejasmin.com,LiveJasmin.com - The World`s #1 Most Visited Video Chat Community - LiveJasmin.com | The World`s #1 Most Visited Video Chat Community - Free Live Sex Video Chat,"Chat for FREE on LiveJasmin and watch HD Live Sex cam shows! 2000+ Models are waiting for You, no registration required.","Live Sex Cam Shows, FREE Chat with Webcam Girls | LiveJasmin"
23,Porn,https://oglaf.com,Rite of Passage,,Carp
24,Porn,https://freeones.com,Freeones: the Ultimate Supermodels - Celebs - Pornstars Link Site - Freeones; biggest resource to find porn stars and famous hot babes,"FreeOnes has photos, videos and links of today's pro or amateur porn stars, the sexiest runway models and super models, and the top female celebrities.","FreeOnes, the Ultimate Babe Site since 1998!"
25,Porn,https://tubegalore.com,Free Porn Movies - Tube Galore . com - Free Porn Movies - Tube Galore . com,"A huge database of free porn tubes, 10,000s of porn vids sorted by category. This is the only porn resource you'll ever need. TubeGalore, it's a vortex!",Tube Galore ‚Äì Free Porn Tubes
26,Porn,https://fakku.net,"FAKKU | All About Hentai - FAKKU is the largest English speaking hentai website in the world. Thousands of hentai manga, streaming hentai, flash games, visual novels, and more!","FAKKU is the largest English hentai publisher in the world. Thousands of uncensored English hentai manga, comics, and doujinshi available.","Hentai Manga, Anime, Games and Comics - FAKKU"
27,Porn,https://porntube.com,"PornTube ‚Ñ¢ - Free Porn Movies - Watch 1000's of FREE porn videos at PornTube.com with dozens of new videos added daily. Search by Pornstar or Browse by Anal, Asian, MILF, Lesbian, Massage, Creampie, Mature, POV, Squirting, Cumshot...",Watch FREE porn videos at PornTube.com with new porn videos added daily. Find Pornstars and download their free sex videos in HD and Mobile ready.,PornTube ¬Æ - Free Porn Videos
28,Porn,https://fetlife.com,"Bondage, BDSM & Fetish Community - FetLife",,Welcome Home | FetLife
29,Porn,https://furaffinity.net,"Index -- Fur Affinity [dot] net - Fur Affinity, the internet's largest online furry art community.","Fur Affinity | For all things fluff, scaled, and feathered!",Index -- Fur Affinity [dot] net
30,Porn,https://suicidegirls.com,"Beautiful naked girls with tattoos, nude tattooed girls, naked emo girls, nude pin up girls, naked punk rock girls | Suicide Girls - SuicideGirls is an adult lifestyle brand that redefines beauty with our unique pin up girls and active, smart online community. Members enjoy beautiful and artistic n","SuicideGirls is a global adult community with beautiful naked tattooed and pierced models who share nude photos, blogs, livestreams and videos.",SuicideGirls
31,Porn,https://4tube.com,Free Porn Videos | 4tube  - Watch over 162539 porn videos and 3897 Pornstars for FREE on 4tube.com - updated with dozens of new videos every day!,Free Porn Videos & Pornstars Sex Videos all Mobile and HD Ready on 4tube.com. Find Pornstars and all their XXX Videos to watch or download here.,"Free Porn Videos, XXX, Sex Tube Videos and Porno | 4tube"
32,Porn,https://edenfantasys.com,"Sex toys, lingerie and sexual wellness products for all your needs. - EdenFantasys.com is the sex toys shop you can trust and a welcoming sex-positive community. Enjoy daily promotions, free shipping, product reviews and excellent service.",,
33,Porn,https://adam4adam.com,"Adam4Adam - Free online dating & hookup, gay, chat, cam   - FREE, Gay dating and hookup, chat, cam. Hot sexy studs seeking to date hot guys in NYC, New York, Miami Los Angeles, San Francisco, San Diego, Fort Lauderdale, Washington DC, Chicago, London, Paris, Toronto, Montreal",,"Adam4Adam - Free online dating & hookup, gay, chat, cam"
34,Porn,https://adameve.com,"Adam & Eve Adult Store - Shop Erotic Sex Toys and Adult Novelties   - Sex Toys, Vibrators, Dildos, Cock Rings and a variety of other adult products at the most well known name in the adult industry; Adam & Eve est. 1971.","Shop vibrators, dildos, prostate toys, couples kits & more at Adam & Eve. Trusted since 1971. Great prices, free gifts & discreet shipping.",Adam & Eve Adult Toy Store | Best Sex Toys for Men & Women
35,Porn,https://adultfriendfinder.com,"Adult Friend Finder | Adult Personals, Swingers & Free Sex Chat",,Adult FriendFinder - The World's Largest Adult Dating and Hookup Site
36,Porn,https://naughtyamerica.com,"Milf Porn, Milf Movies Featuring Hot Milf Sex Videos - Naughty America - Watch 1000‚Äôs of Hot Milf Porn & Milf Videos by Naughty America. This Pornstar & Milf Porn Site Has the Hottest Milf Videos Online!","The best porn movies daily at Naughty America! Experience the most seductive porn stars in stunning virtual reality, 4K and HD porn videos!",Naughty America - Official HD & VR Porn Site
37,Porn,https://literotica.com,"Literotica - 100% free sex stories, erotic audio, adult fiction with wifeslut, bdsm, etc! - Literotica free sex stories, erotic fiction and adult audio. Wifeslut, bdsm, xxx, fetish, mature, and free sexual fantasies. Porn storys updated daily! Story submissions accepted.",error,error
38,Porn,https://gaytube.com,"GayTube Free Gay Videos and Free Gay Porn Featuring Real Gay Sex - Gaytube the ultimate free gay video site featuring gay sex, porn, videos, live chat, streaming movies, and over 400,000 members",Xtube.com is no longer available. Watch FREE hardcore porn videos. The best Adult Community with both Straight and Gay Sex Movies full of hot 18+ amateurs.,XTUBE | Free Porn and Sex Videos - XXX Gay Porno
39,Porn,https://shufuni.com,"Free Porn, Sex Videos | Shufuni   - Free Porn videos, Live Sex videos and XXX adult content photo sharing on Shufuni. Enjoy live sex chat, porn community and amateur videos",error,error
40,Porn,https://bangbros.com,"Welcome to Bangbros Exclusive Porn Videos - Welcome to Bangbros, the premier porn website! Featuring exclusive videos in high definition. 100's of the hottest girls out there!","Here at Bang Bros, we only film the best highest quality porn with the sexiest Amateur girls and the top pornstars. Updated daily on Bangbros.com.",Bang Bros - Amateur HD Porn Videos and Reality Porn Sex Movies
41,Porn,https://motherless.com,MOTHERLESS.COM - Go Ahead She Isn't Looking!  - motherless.com is a free file host where anything legal goes. it has a live chat and boards including an anonymous confession section.,Motherless.com is a moral free file host where anything legal is hosted forever. Motherless has a very large and active community where you can meet like minded individuals.,Go Ahead She Isn't Looking! | MOTHERLESS.COM ‚Ñ¢
42,Porn,https://nudevista.com,"NudeVista Free Porn Search Engine - The porn search engine geared by porn tube clips, adult video and photo galleries, pornstars and other adult stuff. 51,651,175 tube videos; 11,793,506 porn galleries and 21,208 adult models indexed! Magic Teapot",,NudeVista Free Porn Search Engine
43,Porn,https://efukt.com,EFukt.com | adult humor for adults,"Adult humor for adults, Makers of Lulz. Shocking Humor, Porn bloopers, Porn Fails, Cam Whores, Amateur Porn and more.",Adult humor for adults | eFukt.com
44,Porn,https://alphaporno.com,"Alpha Porno - Free XXX porn TUBE MOVIES. Free Sex Video - Alpha Porno - Free porn tube videos. Watch free XXX porntube movies, sex video clips online!",Wide variety of best sex videos in many different niches is what Alpha Porno tube is famous for. Come for big selection of free hardcore porn daily.,Alpha Porno - Big Porn Tube of Best Sex Videos for Free
45,Porn,https://planetsuzy.org,"Free Porn & Adult Videos Forum - All Free Porn, Videos, Celebs, Vintage, Classic Porn, Pornstars, Models, Kinky, Fetish, BDSM, Gay, Ethnic, Gay, Bi-Sexual, Shemale, Ladyboy, Hentai, Anime, Amateur,Softcore, Hardcore,Men.","All Free Porn, Videos, Celebs, Vintage, Classic Porn, Pornstars, Models, Kinky, Fetish, BDSM, Gay, Ethnic, Gay, Bi-Sexual, Shemale, Ladyboy, Hentai, Anime, Amateur,Softcore, Hardcore,Men.",Free Porn & Adult Videos Forum
46,Porn,https://ashemaletube.com,Shemale Tube - Free Shemale Porn Videos - Free Tranny Porn Tube - Free adult shemale videos and tranny sex movies. Everyday you will find new shemale porn on aShemaleTube.com,"Free shemale porn videos, huge collection of free tranny porno movies. New shemale and tranny sex porn tube vids delivered to you everyday only at aShemaleTube.com","Shemale Porn, Free Tranny Porn Videos - aShemaleTube.com"
47,Porn,https://tblop.com,TBLOP - The Big List of Porn - TBLOP (The Big List Of Porn) is an organized list of good porn sites (with no blind links),error,error
48,Porn,https://pornmd.com,PornMD: A Search Engine for ALL of the World's Best Porn Sites - PornMD is a porn search engine that pulls all the best videos in from all of the best porn sites in the world. Search multiple sites at once.,PornMD is a porn search engine that pulls all the best videos in from all of the best porn sites in the world. Search multiple sites at once.,PornMD: A Search Engine for ALL of the World's Best Porn Sites
49,Porn,https://brazzersnetwork.com,"BrazzersNetwork - Best HD Porn Site For Pornstars with Big Tits & Milf Movies - The best exclusive porn videos on the net updated daily. Brazzers is the leader in xxx , big tits, milf, and sex movies.","Brazzers.com features the hottest pornstars in the most popular brazzers porn videos in the adult industry. Watch exclusive sex videos with big tits, hot asses, and more!",Brazzers | #1 Best Porn Site In the WORLD
50,Porn,https://empflix.com,"Free Porn Videos, Free Sex, XXX, Free Porn Tube - EmpFlix - EmpFlix free porn tube largest porn hub of free porn xxx movies for you to jizz over on Empflix sex tube. We have Full hardcore sex tube videos that you can subscribe to our porn rss feeds.  Videos Porno Gratis tube Los Mejores Videos De S",error,error
51,Porn,https://tnaflix.com,"Free Porn Videos, Porn Tube, Free Porn, Free Porno Movies, Free Sex - Free Porn Videos on TNAflix.com is the best free streaming porn and sex site for Full Free Porn movies. Free streaming porn and Free Adult Movie Downloads","Watch free xxx porn videos & porno movies online at TNAFlix, world‚Äôs best hardcore sex tube site for hot HD porn streaming or download","Free Porn Videos On TNAFlix, Largest XXX Porno Tube Site"
52,Porn,https://ftvgirls.com,"FTVGirls - Meet the Models of FTV nude model, nude model video, nude model photo, hardcore video - First Time Videos - FTVGirls - Meet the Models of FTV, nude model, nude model video, nude model photo, hardcore video, FTV Girls The  Net's Place For First Time Videos!, nude model, nude model video, ",,Welcome To First Time Video Girls! FTVGirls.com
53,Porn,https://pornbb.org,"Free Porn Videos, Fast & Free Porn Forum - pornBB - Free Porn Videos, Fast &amp; Free Porn Forum : Free Porn videos - Free instant porn, no sign up required - fastest free porn site on the net - pornbb.org ",error,error
54,Porn,https://manhub.com,"Man Hub ‚Ñ¢ - Free Gay Porn Movies Updated Daily On Our Gay Tube - 100% Free Gay Tube with gay porn movies, big dick clips, user uploaded porn videos and photos. Updated daily!",error,error
55,Porn,https://fantasti.cc,Fantasti.cc - The Best Adult Entertainment - Fantasti.cc is an adult site edited by you and your friends.,,
56,Porn,https://fapdu.com,"Fapdu - free porn tube, search, videos & pornstars - fapdu is a free porn search engine & porn tube hosting 3 million videos. Fap, discuss & share movies, pics, pornstars, channels on our community.","Pornhub is the world‚Äôs leading free porn site. Choose from millions of hardcore videos that stream quickly and in high quality, including amazing VR Porn. The largest adult site on the Internet just keeps getting better. We have more pornstars and real amateurs than anyone else. It‚Äôs fast, it‚Äôs free, it‚Äôs Pornhub!","Free Porn Videos & Sex Movies - Porno, XXX, Porn Tube | Pornhub"
57,Porn,https://fuq.com,"Fuck Tube, Porn Videos - FuQ.com - Fuck Tube, Porn Videos - FuQ.com","Fuq.com is a porn site with millions of free videos. Our database has everything you'll ever need, so enter & enjoy ;)",Porn Videos @ Fuq.com
58,Porn,https://x-art.com,"X-Art.com ~ beautiful erotica. - X-Art features the world's finest HD erotic videos and erotic photography, gorgeous erotic models and nude models from the USA, Europe and South America, all shot with quality and clarity by top photographers.","X-Art features the world's finest HD erotic videos and erotic photography, gorgeous erotic models and nude models from the USA, Europe and South America, all shot with quality and clarity by top photographers.",X-Art ~ beautiful erotica.
59,Porn,https://perfectgirls.net,FREE PORN! FREE SEX! Perfect Girls Tube - 100 000 porn movies online - Over 200 best porn videos every day. One place for all worth to see porn clips from 10 main porn tube sites.,New free porn videos every day. Tons of adult movies in our archive. The only bookmark you need for all you free sex fantasies.,FREE PORN! FREE SEX! Perfect Girls Tube - 100 000 porn movies online
60,Porn,https://nubiles.net,Nubiles.net - Massive Collection of the Worlds Freshest Legal Hotties - pics of nubile age girls,,Nubiles - Nubiles.net - Massive Collection of the Worlds Freshest Legal Hotties
61,Porn,https://xxxbunker.com,"Xxxbunker.com : the worlds largest xxx tube site - XXXbunker is the biggest porn tube on the web with the largest selection of free full length porn videos and new videos added daily. Porn, XXX, Pussy, Sex and more!",error,error
62,Porn,https://jizzhut.com,"Porn Tube, You Porn, Free Porn Movies, Porntube, Sex Tube, Pornotube, Porno Tube, Sextube, Mobile Porn - Youjizz Porn Tube! Free porn movies and sex videos on your desktop or mobile phone.",error,error
63,Porn,https://videarn.com,Free Streaming Porn Tube Videos - Make Money Submit Sex Videos - Free streaming amateur porn tube video clips featured on VidEarn. Earn money from your sex video submissions.,error,error
64,Porn,https://twistys.com,Twistys - Beautiful Nude Girls in Erotic Photos & Porn Videos! - Watch beautiful Twistys models bare it all in high quality HD porn videos & photos! Visit now & enjoy over 3400 of the hottest nude girls updated daily!,The hottest high quality glamour porn for over 18 years! Over 3700+ models and 46000+ scenes. TWISTYS.com,Twistys Lesbian Glam Porn | Twistys.com
65,Porn,https://men.com,Men,"Check out the best gay porn site on the net with daily updates, award-winning original series, exclusive Men.com models and over 800 of the hottest guys in gay porn.",Men.Com - The Best Gay Porn Site
66,Porn,https://met-art.com,MetArt - Erotic Photography With The Met Art Models,,
67,Porn,https://porn.com,"The Best Free Porn Tube, XXX, Porno and Sex Videos - PORN.COM - Free porn mega site; PORN.COM, worlds greatest adult video porn tube! Super fast video streams & downloads of only the best hardcore sex videos & the newest adult DVD's.","Free porn videos in the millions at PORN.COM the largest free porn tube in the worldüëç. Sex videos in HD, 4K on desktop or mobile. VR porn videos availableüçë.",ü•áFree Porn Videos - HD & VR Sex Videos - PORN.COM Porn Tube
68,Porn,https://pornoxo.com,Porno tube - Adult Streaming Sex Tube Videos at PornoXO - page 1 - porno Tube videos and adult tube movies free to enjoy and presented by pornooxo. New free porno added daily on our exclusive pornotube.,Porno Tube videos and adult tube movies free to enjoy and presented by pornoxo. New free porno added daily on our exclusive pornotube.,Free Porno Videos and Pics at PornoXO.com
69,Porn,https://myredbook.com,"San Francisco Bay Area Escort, Massage Parlor Guide : myredbook - San Francisco Bay Area Escorts, incall, outcall, escort agency, massage parlors, AMP, AAMP, escort reviews, classified ads",error,error
70,Porn,https://video-one.com,Video One - free porn movies - video search - Video One is a free porn tube site gathering a lot of tube porn videos. video-one.com help you search best porn streaming videos!,error,error
71,Porn,https://chaturbate.com,"Chaturbate - Free Adult Webcams, Live Sex, Free Sex Chat, Exhibitionist & Pornstar Free Cams","Watch Live Cams Now! No Registration Required - 100% Free Uncensored Adult Chat. Start chatting with amateurs,  exhibitionists, pornstars w/ HD Video & Audio.","Chaturbate - Free Adult Webcams, Live Sex, Free Sex Chat, Exhibitionist & Pornstar Free Cams"
72,Porn,https://apetube.com,"Free porn tube categories, porn videos. ApeTube - Free porn tube categories, porn videos. ApeTube",Go ape on the best porn tubes here at ApeTube.com. We have more than 1.000.000 porn videos and they're 100% FREE! So enter and go bananas!,Free Porn @ Ape Tube!
73,Porn,https://gonzoxxxmovies.com,Gonzo XXX Movies - Free Porn Videos & Movies - Tube-Style Free Porn Videos & Movies. Free Porn at Gonzo XXX Movies.,Tube-Style Free Porn Videos &amp; Movies. Free Porn at Gonzo XXX Movies. 100% FREE: Enjoy!,Porn Videos @ Gonzo XXX Movies
74,Porn,https://fleshbot.com,Fleshbot | Pure Filth,"Fleshbot: The hottest and longest running porn blog for pornstar interviews, sexy photos, hardcore videos and the newest adult DVDs.","Pornstar Blog, Porn Star News and Adult DVD Reviews | Fleshbot"
75,Porn,https://nuvid.com,"FREE XXX Porn Videos & Sex Movies - Porn Movies & Pics - Porn Tube NuVid.com - Free porn sex videos & pussy movies. Thousands Free Porn Tubes Everyday at NuVid.com. All categories of stream sex videos & xxx adult movies. Best Livecam, Hardcore & Blowjob Porn.","Nuvid is the phenomenon of modern pornography. With almost 10 years history of publishing the hottest porn videos online, Nuvid.com still rocks hard!",New Porno Videos & Free Sex Movies @ Nuvid
76,Porn,https://adultbay.org,"The Adult Bay - Download quality Porn Movies, DVDs, Clips, Magazines and much more for free. The Adult Bay is the world's best porn blog.",,The Adult Bay - Daily Dose of Free Porn!
77,Porn,https://badjojo.com,"Porn Tube Search | Free Porn Videos - Search free porn tubes with our reliable adult search engine, we have millions of free porn videos indexed from major porn sites.","Badjojo is the #1 free porn search engine, with millions of free videos. We have amateur, teen or milf videos from the best porn sites.",Badjojo Porn Search
78,Porn,https://sankakucomplex.com,"Sankaku Complex - Anime, manga and games, observed from Japan - Sankaku Complex offers total coverage of anime, manga, games, doujinshi, cosplay, seiyuu, idols, along with galleries, videos, and image sharing.","Anime, manga and games, observed from Japan","Sankaku Complex ‚Äì Anime, manga and games, observed from Japan"
79,Porn,https://camfuze.com,"CamFuze Free Webcams - The best Free Webcams. Watch live web cam shows of girls, men, couples, shemales, celebrities, and pornstars. Free cams of amateur exhibitionists voyeurs. Free to broadcast, free to watch, free to chat.","The best free live webcam shows of girls, mature women, couples, amateurs and pornstars. Watch cams of naked models and spy on them. Free to watch and free to chat.",Watch Free Live Female Sex Webcams with XXX Shows on CamFuze.com
80,Porn,https://cliphunter.com,"Free Porn Videos & Sex Movies - Porno, XXX, Porn Tube and Pussy Porn - Cliphunter provides the largest collection of free porn movies of hot pornstars, amateurs, sexy girls, xxx clips and tube videos.",Cliphunter delivers free porn movies with a fast porn tube experience.,"Free Porn, Sex Videos, XXX Tube | Cliphunter.com"
81,Porn,https://kink.com,"BDSM and Bondage Videos - Kink.com - Premium BDSM and Bondage sites for every fetish such as FemDom, gay bondage and gay BDSM. New BDSM videos and bondage videos added all the time.",error,error
82,Porn,https://eporner.com,"EPORNER Free HD Porn Tube - XXX, HD Porn Videos, Homemade Sex Photos - Free hd porn tube - HD quality videos and photos. Watch full hd porn videos both amateur and professional. Homemade sex photos, videos and more. ","Watch Full HD Porn Videos for free. We have over 3,478,865 full length Hardcore HD Sex Movies in 720p, 1080p and 4K that you can watch online or download.",HD Porn Videos - Full High Definition Movies | EPORNER
83,Porn,https://slutroulette.com,An Adult Chatroulette :: interact with free live webcam girls on Slutroulette.com - A chatroulette sex platform where live girls put on free cam shows.  Registration is free.,Watch live sex cam on the adult cam Chatroulette : Free sex chat with hot cam girls! A live sex cam platform where nude girls put on free cam shows.,Slutroulette ‚Äì Free live sex cam adult chat version of Chatroulette
84,Porn,https://gaymaletube.com,Gay Male Tube - Free Porn Videos & Movies - Tube Style Free Porn Videos & Movies. Free Porn at Gay Male Tube.,GayMaleTube has the hottest gay porn. We cater to all your needs and make you rock hard in seconds. Enter & get off!,Gay Porn @ Gay Male Tube
85,Porn,https://gelbooru.com,"Gelbooru | Hentai and Anime Imageboard - Gelbooru is one of the largest hentai and safe image resource available! Over a million images for you to search and view, and it is all free!","Millions of FREE hentai and anime videos, images, wallpapers, and more! No account needed, updated constantly!",Gelbooru | Free Anime and Hentai Gallery
86,Porn,https://elephanttube.com,Free Porn Movies - Elephant Tube - Free Porn Movies - Elephant Tube,Free Porn Movies ‚Äì ElephantTube. Enter and enjoy our large collection of porn. We have millions of FREE porn movies so visit us now!,Free Online Porn Videos :: ElephantTube
87,Porn,https://vp7.com,VP7 Porn Tube Movies,,VP7 - Advertising and Publishing Home
88,Porn,https://penthouse.com,Penthouse.com: Penthouse Pets and the World's Sexiest Women Since 1973 - The Hottest Penthouse Pets and Gorgeous Porn Stars in Stunning HD and 3D Videos and the Best Erotic Photos. Penthouse.com - the leader in Adult Entertainment.,,Home | Penthouse
89,Porn,https://realitykings.com,Reality Kings ‚Ñ¢ - World's Best Real Porn Site - Realitykings.com official site. Featuring over 5000 girls and daily updates!,Home of HD reality porn featuring the nicest tits and ass online! The hottest curvy girls in real amateur sex stories are only on REALITYkings.com,Reality Kings - The World's Best Real Porn Site
90,Porn,https://kindgirls.com,Kindgirls: Nude girls in erotic photos and videos - Nude girls free pictures and videos,Nude girls free pictures and videos,Kindgirls: Nude girls in erotic photos and videos
91,Porn,https://asstr.org,Alt.Sex.Stories Text Repository,,Alt.Sex.Stories Text Repository
92,Porn,https://boobpedia.com,"Big Tits - Boobpedia - Boobpedia is a user-editable encyclopedia of women with big tits. Look up your favourite busty nude models and porn stars, or discover new favourites.","Boobpedia is a user-editable encyclopedia of women with big tits. Look up your favourite busty nude models and porn stars, or discover new favourites.",Big Tits - Boobpedia
93,Porn,https://imagefap.com,"Free Porn Pics, Sex, Free Porn, Porno, XXX, Teen Porn, Big Tits, Shemales at ImageFap.com! - ImageFap is the biggest adult porn pics site. Free porn pics of all niches and fetishes, teens, amateurs, anal, shemales, asian, gay. New free porn pics added every minute.","Browse millions of hot free porn pics, sex GIFs, hot nude photo galleries, amateur XXX photos only on ImageFap, the world's largest porn pic sharing community.","Free Porn Pics, Adult Photos, XXX Images & Sex GIFs | ImageFap"
94,Porn,https://anilos.com,Anilos - Hardcore Mature Women of Interest - Anilos Warning Page,,Anilos - Mature Women of Interest
95,Porn,https://vintage-erotica-forum.com,"Vintage Erotica Forums - Vintage Erotica Forums - #1 Vintage & Classic erotica forum on the web, over 400000 members!","Vintage Erotica Forums - #1 Vintage & Classic erotica forum on the web, over 400000 members!",Vintage Erotica Forums
96,Porn,https://yuvutu.com,"Video - Free Porn Videos, Free Amateur Porn, TV Sex Porno XXX- yuvutu",,Free Porn Videos | Homemade Amateur Porno And XXX Sex Movies | Yuvutu Sex Chat Community
97,Porn,https://hottystop.com,"Hot Girls, Teen Hotties at HottyStop.com - Hottystop is a quality softcore website with hot teens, babes, hotties, and much more sexy content.","Hottystop is a quality softcore website with hot teens, babes, hotties, and much more sexy content.","Hot Girls, Teen Hotties at HottyStop.com"
98,Porn,https://mofos.com,"Mofos - Best Real Amateur Girls Porn Site & Amateurs Have Gone Wild - Find the hottest real amateur girls with the best tight asses, wet pussy & natural boobs having sex in POV porn videos. Brought to you exclusively by mofos.com","Mofos brings you the best amateur content in the world, with free videos of the most beautiful pornstars, hardcore action in stunning 4k. Enjoy thousands of videos to choose from @ Mofos",Mofos.com | The World's Best Amateur POV Porn Videos
99,Porn,https://youngpornvideos.com,"Free Young Porn Videos - XXX Teen Porn, Young Sex Movies & Teen Clips - Porn videos featuring teen xxx sex movies with clips of the hottest young porn stars and videos for free. All models are legal and 18+.","Free teen porn videos of hardcore HD sex with petite schoolgirls, cheerleaders, college girls, babysitters, and innocent virgins. All models are legal and 18+.","Young Porn Videos - Free Teen Porn, HD Hardcore XXX Sex Movies"
100,Porn,https://pichunter.com,"Free Porn, Porn Tube, Free Porn Videos, Amateur Porn, Sex Movie, Porn - Pichunter.com - Porn movies & free sex videos. Pichunter.com brings you free porn videos, free sex movies and free porn movies. Our Porn site is full of free porn photos.",Free porn sex photos & nude pussy pics. PICHUNTER has the largest collection of free porn and is trusted since 2001.,"Free Porn, Sex & XXX Pics, Adult Photos, Hardcore, Nude Pussy - Pichunter"
101,Porn,https://iafd.com,"Movie and pornstar database -  iafd.com - internet adult film database -  The Internet Adult Film Database is an on-line searchable database of over 127,021 adult movies titles and 117,608 porn performers. We also have links to over 104,954 reviews and 250,000 titles in our price search engine.",error,error
102,Porn,https://zootube365.com,"Animal Sex Tube - free animal porn, dog sex, horse fuck, porno beastiality, bestiality girl, human with animal, woman xxx videos - free animal sex videos, horse fuck, dog sex with human, beastiality porn videos, bestiality zoo porno, woman with dog, horse cum on girl",animal sex videos horse sex dog porn with human beastiality porn videos bestiality zoo tube woman with dog animal porn horse cum on girl,Animal Sex Zoo Tube - free dog sex horse porn beastiality videos sex animal porn woman fuck
103,Porn,https://freeporn.com,"FREEPORN - The Official Porn Tube for XXX Sex Videos - Free porn movies and free sex videos. FREEPORN brings you free porn videos, free sex movies and XXX porn movies. Our Porn tube is full of free porn clips.",Free Porn and XXX Sex Videos on Freeporn.com,Free Porn: XXX Sex Videos Freeporn
104,Porn,https://wetpussygames.com,"Adult Games & Hentai Movies - Wet Pussy Games offers the highest quality Adult Games, Hentai Movies, and Adult Cartoons","Wet Pussy Games offers the highest quality hentai Games, porn Games, sex Games, and all sorts of crazy hentai","Hentai Games, Sex Games, Anime Porn"
105,Porn,https://vid2c.com,"Free Porn Tube Free Porn Videos Free Sex Videos Hot Sex Pussy Movies and XXX Video! - Free porn free sex and free pussy movies at Vid2C.com hot sex tube, porn xxx tube, watch free porn videos or stream online free sex video and free pussy porn movies",error,error
106,Porn,https://pornerbros.com,Free Sex Videos - Hot Sex Movies - Free Porn Tube | Pornerbros.com - Watch free porn videos at PornerBros.com. The best free sex tube with the hottest collection of online videos. Watch now!,PornerBros has free sex videos and porn videos. Watch and download our free porn videos in HD with new Videos every hour,"Free Sex Videos, XXX Porn Videos and Pornstars Porno | PornerBros"
107,Porn,https://e621.net,E621,error,error
108,Porn,https://femjoy.com,FEMJOY - Pure Nude Art Female Photography And Videos - FEMJOY - Nude art photography and video of the world's most beautiful female models,Nude art photography and video of the world's most beautiful female models,FEMJOY - Pure Nude Art Female Photography And Videos - FEMJOY
109,Porn,https://dudesnude.com,"Dudes nude | gay videos, pictures and profiles - free gay pictures, videos, profiles, webcam and a friendly community of hot men","free gay pictures, videos, profiles, webcam and a friendly community of hot men",dudesnude
110,Porn,https://discreethearts.com,DiscreetHearts,error,error
111,Porn,https://silverdaddies.com,"SilverDaddies - dating for mature gay men - Free site with personal ads for fans of sexy daddies, silver foxes, mature men and naked daddies","Free site with personal ads for fans of sexy daddies, silver foxes, mature men and naked daddies",SilverDaddies - dating for mature gay men
112,Porn,https://swinglifestyle.com,Adult Swingers Personals Service and LifeStyle info. - Adult Swingers Personals for all LifeStyle couples.  Swingers ads - Swinger Club - Swingers Search - Swingers Chat - Adult Swingers.  Everything you need to start your sexual revolution.,"Create a free account and meet real life swingers through adults personals, clubs, parties and more. Everything you need to start your sexual revolution.",Swingers Lifestyle Community | Adult Personals | Clubs & Events
113,Porn,https://givemegay.com,Free Gay Porn - Gay Tube - Watch Gay Videos | GiveMeGay.com - Watch free gay porn videos at GiveMeGay.com. The hottest gay sex tube with best collection of full-length and HD gay videos online.,"Watch our Free Gay Porn Videos and find your favourite Twinks, Bears and Studs in our free gay Sex Videos",Free Gay Sex Videos & Porn | PornerBros
114,Porn,https://anonib.com,AnonIB // Best Anonymous Image Board,,AnonIB Best Anonymous Image Board
115,Porn,https://homemoviestube.com,"Free Amateur Porn & Homemade Porn | All User Submitted Videos and Photos at HomeMoviesTube.com - Free amateur porn, amateur sex and homemade porn videos and photos submitted by real users. Over 25,000+ free videos and photos. Real couples, girlfriends, wives and more!",Free Homemade Porno Tube with all user submitted sex videos and photos.  HomeMoviesTube.com - Your Amateur Porn Tube,"Homemade Porn Videos, Free Amateur Sex Movies, and Real Porno Photos at HomeMoviesTube.com"
116,Porn,https://lobstertube.com,Sex Movies Tube - Sex Movies Tube - Lobster Tube,"LobsterTube has cooked up some of the best porn on the net. Millions of delicious porn tube movies are on the menu. Enter now, no need for reservations!",Sex Movies Tube | Lobster Tube
117,Porn,https://tubepleasure.com,Tube Pleasure | Free porn tube videos - Daily updated free tube videos. Categorized porn movies and much more!,"Porn videos: Milf, Mom, Stepmom, Lesbian, Interracial, Japanese, Teen, Massage, Shemale, Wife, Beauty, Threesome, Mature, Seduced, Anal and much more.",Tube Pleasure | Free Tube Porn Videos
118,Porn,https://flirt4free.com,Chat Free on Cam: Live Sex Adult Webcams - Flirt4Free - Chat free with live cam girls and create your own sexual fantasy show. Flirt with beautiful girls and watch amateur adult sex on webcam 24 hours a day. ,"Interactive cam rooms with the hottest girls from around the world. From porn stars to amateurs to fetish models, our cam girls are always ready to play.",Flirt4Free - Flirt for Free with live Cam Girls
119,Porn,https://pornorama.com,Free porno videos at PORNORAMA.COM - PORNORAMA.COM = free porno in long streamable videos completely FREE.,PORNORAMA.COM = free porno in long streamable videos completely FREE.,Free porno videos - PORNORAMA.COM
120,Porn,https://89.com,"Free Porn - 89.com - Free Adult Directory - 89 - Free porn, Free Sex - Free Porn Movies, Free porn pictures, Free porn videos, Free porn sites, Free sex, Adult Directory, 100% Free",error,error
121,Porn,https://voyeurweb.com,Welcome to the free Voyeurweb - the world's biggest sexy amateur photo and erotic video community - The original free Voyeurweb - Monthly erotic photo contests - Post your girls now - Photos&Videos of your nude wife or naked girlfriend,Free voyeur photos and videos of sexy nude housewives competing to win cash prizes,Real Voyeur Pics and Amateur Videos - VoyeurWeb
122,Porn,https://pornpros.com,"HD Porn, Hardcore Teen Sex Movies - Porn Pros - Watch the best HD exclusive movies and videos on Porn Pros. All the hottest new Pornstar and amateur girls in High Definition updated daily.",Watch the best HD exclusive movies and videos on Porn Pros. All the hottest new Pornstar and amateur girls in High Definition updated daily.,"HD Porn, Hardcore Teen Sex Movies - PornPros"
123,Porn,https://bangyoulater.com,"Free Porn, Sex Videos, Pussy Movies, Porn Tube, Free XXX Porno - BangYouLater.com - Free porn videos and sex movies. Stream or download porno clips, full free xxx videos and pussy movies. The best porn tube online!",error,error
124,Porn,https://bravoerotica.com,Erotic Pictures of the Most Beautiful Nude Girls Pussy @ Bravo Erotica - BravoErotica.com provides thumbnailed links to the most beautiful nude models pussy on the net. Daily updated erotic picture galleries.,BravoErotica.com provides thumbnailed links to the most beautiful nude models pussy on the net. Daily updated erotic picture galleries.,Erotic Pictures of the Most Beautiful Nude Girls Pussy @ Bravo Erotica
125,Porn,https://pornrabbit.com,"FREE PORN Videos - Sex Tube Movies, XXX & Porno at Pornrabbit - Free PORN Tube Videos and Sex Movies at PornRabbit.com. Daily updates of Naked Amateur Girls and XXX Pornstars in Sex Videos showing Pussy, Ass and Tits","Free PORN Tube Videos and Sex Movies at PornRabbit.com. Daily updates of Naked Amateur Girls and XXX Pornstars in Sex Videos showing Pussy, Ass and Tits","FREE PORN Videos - Sex Tube Movies, XXX & Porno - PornRabbit.com"
126,Porn,https://digitalplayground.com,Digitalplayground,DigitalPlayground.com is the leader in high quality adult blockbuster movies and award winning sex parodies that feature the most exclusive pornstars online! Adult Film Database of adult movies.,"Digital Playground - The Best Adult Movies, Porn Series and HD Sex Videos"
127,Porn,https://madthumbs.com,Free Porn Videos - MadThumbs‚Ñ¢ - Free Porn Videos and Sex Movies updated EVERY day!,"Free porno videos, amateur sex tapes, streaming pussy movies and the most free xxx porn of any tube on the planet. Updated constantly with high quality free porno videos.","Free porno Movies, Sex Tapes & XXX Clips | Madthumbs"
128,Porn,https://hentai-foundry.com,Hentai Foundry - DEFAULT_PAGE_DESCRIPTION,,Hentai Foundry
129,Porn,https://orgasm.com,"Free Porn & Sex Videos - Free HD XXX - Orgasm Porn Tube - Free Porn has never been hotter than it is at Orgasm.com, where you'll find all the latest Porn Stars, sex news, and the best selection of HD Porn Videos today! ","Free Porn has never been hotter than it is at Orgasm.com, where you'll find all the latest Porn Stars, sex news, and the best selection of HD Porn Videos today!","Orgasm.com | Free Porn and Sex Videos, Free HD XXX"
130,Porn,https://hegre-art.com,Home - Hegre-Art.com,error,error
131,Porn,https://boyfriendtv.com,Gay Tube - Free Gay Porn Free Gay Videos at BoyFriendTV - Free gay sex and gay porn videos. Find daily updates of free gay tube movies at BoyFriendTV.,"Free gay porn videos, huge collection of free gay porno movies. New gay men twink sex porn tube vids delivered to you everyday only at BoyFriendTV.com","Gay Porn, Free Gay Porn Videos - BoyFriendTv.com"
132,Porn,https://adult-empire.com,Adult-Empire.com,,Adult-Empire.com
133,Porn,https://sunporno.com,"Porno Tube, Free Porn Videos, XXX, Pussy, Porno Movies & Pics","Your source of free porno videos. Famous pornstars, fresh HD videos from the best porn producers and homemade amateur stuff.","Free Porno Videos & Sex Movies - Porno, XXX, Porn Tube - SunPorno"
134,Porn,https://gotgayporn.com,"Got Gay Porn Tube featuring today's best gay sex videos - GotGayPorn brings you best free gay tube site with real gay sex, porn, videos, and real live guys.",We love what we do here and we LOVE giving our loyal customers the hottest gay porn we can find around the internet. This is a one stop shop and the only gay porn tube you will ever need.,Free Gay Porn @ GotGayPorn.com
135,Porn,https://bravotube.net,"BravoTube @ Porn Tube, Free Sex Videos - Handpicked online streaming porn videos is what we have here for endless enjoyment. We have all the tube porn videos you need in here.",Handpicked online streaming porn videos is what we have here for endless enjoyment. We have all the tube porn videos you need in here.,"BravoTube @ Porn Tube, Free Sex Videos"
136,Porn,https://yobt.com,"Porn, Free Porn, Porno, XXX Tube, Free HD Porn Videos, Fuck, Free Porn Movies, Fucking Clips, Pussy, Teen Porn at Yobt.com - YOBT.COM - Porn Tube that offers you HOURLY updated free porn videos, XXX streaming HD movies and hq porno pictures, huge pornstar database, adult dating and live cams.",error,error
137,Porn,https://youporngay.com,Free Gay Porn Movies - Teen Boys with Huge Cock Videos :: Youporn - VISIT Youporn for the BEST GAY PORN MOVIES! GET the sexiest TEEN BOYS Tube and ENJOY Huge Cock Sucking VIDEOS. CLICK NOW to WATCH Hot YOUNG XXX Gay Vidz!,Visit Youporngay.com for the best gay porn movies! Get hot 18+ twink hunks sucking huge cocks and having anal sex in free videos.,Gay Porn Movies - Huge Cock 18+ Twinks in Free Videos | Youporn
138,Porn,https://redtubelive.com,"RedTubeLive - Live Sex Chat, Sex Shows and Webcam Sex - Amateur Cams and Pornstars - RedTubeLive features live webcam models streaming direct to you from their homes and studios around the world. Sexy webcam online strip shows, sex shows, you name it.",,RedTubeLive - Web Cam Video Chat
139,Porn,https://deviantclip.com,"Free Porn Tube Videos, Extreme Hardcore Porn, Free Sex Videos By DeviantClip - Porn at Deviantclip is the best Free Hardcore porn tube videos, you will find everything from bdsm porno to the most extreme sex scenes you can ever imagine.","DeviantClip has a huge library of hardcore porn, weird porn, and extreme porn. New XXX porn videos are added hourly for your viewing pleasure","Free Porn Tube Videos, Extreme Hardcore Porn, Free Sex Videos By DeviantClip"
140,Porn,https://naked.com,Naked - Free live cam girls and sex chat - Welcome to Naked. Free live cams and sex chat. Video chat live with amateur cam girls and pornstars from around the world.,Welcome to Naked. Free live cams and sex chat. Video chat live with amateur cam models and pornstars from around the world.,Naked - Free live nude cam models and sex chat
141,Porn,https://fuskator.com,"Fuskator - just porn galleries, that's all   - Fuskator provides nude image galleries contributed by users similar to image dump sites.",Fuskator provides nude image galleries contributed by users similar to image dump sites.,"Fuskator - Just Porn Galleries, That's All"
142,Porn,https://fux.com,Sex Videos - FUX,"Free best sex videos in full HD. All porn film from hot Amateurs & Pornstars for FREE. Videos xxx porn of teens, lesbians, mature, anal, mom, black, asian...","Sex Videos, Free Porn Videos and Pornstars - FUX"
143,Porn,https://tubekitty.com,Free Porn Movies - Tube Kitty - Free Porn Movies - Tube Kitty,"Tube Kitty is the perrr-fect tube site for FREE pussy movies. Different shapes and forms, find the best pussy for your pleasure! Meowww!",Check out the nicest pussy on Tube Kitty for FREE!
144,Porn,https://rk.com,"RK - Reality Kings ‚Ñ¢ - World's Best Reality Porn Site - RK.com, Realitykings.com official site. Featuring over 5000 girls! Take the FREE Tour.",www.rk.com,Reality Kings
145,Porn,https://sexart.com,SexArt - Sensual Erotic Sex Videos and Explicit Sex Art Photos - SexArt Is The Revolution In Erotic Entertainment. High Quality Exclusive Sensual Erotic Sex Videos And Photos That Both Men And Women Love.,,
146,Porn,https://imlive.com,"Live Cams | Live Sex Chat And Webcam Expert Advice at ImLive   - Live sex chat with cam girls at the largest adult webcam community on the net. Explore our sex cams, free chat rooms, nude galleries, live sex shows and much more. Talk, tease, tantalize, and enjoy",Watch hot Woman | All Hosts cams shows on Live Webcam Sex . Our hosts get naughty on webcam and you can check them out on the Tiles View page.,Woman | All Hosts - Live Webcam Sex on ImLive.com | Tiles View
147,Porn,https://eskimotube.com,EskimoTube.com - Streaming Videos of  - Pornstars And Centerfolds. - Free streaming movies of  centerfolds and pornstars.,error,error
148,Porn,https://totallynsfw.com,Totally NSFW ,,Totally NSFW
149,Porn,https://teensnow.com,Teens Snow! More Teen Porn Videos That You Can Ever See - TeenSnow.com - Teen Snow brings you free teen porn videos,,Teens Snow! More Teen Porn Videos That You Can Ever See - TeenSnow.com
150,Porn,https://collarme.com,Collarme,error,error
151,Porn,https://theeroticreview.com,Theeroticreview,"The Erotic Review is the top community of escorts, hobbyists and service providers. Find escort reviews, site reviews, discussion boards, live chat and guides.",The Erotic Review
152,Porn,https://squirt.org,Squirt.org: Gay Sex Cruising Hook Up Site,Find hot local gay or bi men and search for the best cruising spots on Squirt.org. Use our cruising directory and profiles to realize your sexual fantasies.,"Gay Hookup, Dating, Cruising and Sex Site"
153,Porn,https://dreammovies.com,Dream Porno Movies (dreammovies.com) - Dream Movies offers Free Porno Movies,error,error
154,Porn,https://wearehairy.com,Hairy Pussy in High Definition: WeAreHairy.com - See Hairy Pussy Photos and HD Porn Movies of Natural Hairy Girls. Daily Exclusive Hirsute Video Updates!  ,error,error
155,Porn,https://joymii.com,"Joymii - Erotic Videos And Photos Of Young Models - joymii - Porn can be artful, erotic, and pure. And that's what we give you at joymii.","JoyMii brings to you the most sensual porn featuring young women in erotic sex scenes. Porn can be artful, erotic, and pure. And that's what we give you!",Artful Sensual Porn And Erotic Sex Pics | JoyMii
156,Porn,https://watchersweb.com,"Watchersweb, Real Voyeur and Amateur Sex pictures wives girlfriends - Free Voyeur and Amateur submitted Photos","Free, Homemade porn, Voyeur, Milf and Amateur submitted Photos","Watchersweb, Homemade Porn, Real Voyeur and Amateur Sex pictures wives girlfriends"
157,Porn,https://definebabe.com,"Define Sexy Babes - hot video clips, nude pic galleries and babe bio ","DefineBabe is a global database of all pornstars and babes who have ever been filmed for online adult industry. We are trying to keep this information up-to-date. Here you will find bio, pics galleries and video clips content of a fair amount of babes","Define Sexy Babes - hot video clips, nude pic galleries and babe bio"
158,Porn,https://gay-torrents.net,"Gay Torrents Live Free - Your Free Gay Torrent Site ;) - - THE BEST Gay-Torrents Site for gay porn and non porn Movies, Fast downloads and ratios anyone can reach! gay-torrent",error,error
159,Porn,https://pornsharia.com,"HD Porn, Free HD porno tube videos and movies at PornSharia - Updated daily with the latest High Definition Porn Tube Videos in many porn categories. Watch and enjoy Free HD Porn movies in streaming.",error,error
160,Porn,https://nifty.org,Nifty Erotic Stories Archive Website,A freely-accessible archive of tens of thousands of sexually-explicit erotica stories,Nifty Erotic Stories Archive Website
161,Porn,https://rude.com,"Live Voyeur House @ RUDE.com | Live Sex Cams | Live Orgies | XXX Voyeur    - rude.com offers Live Voyeur Houses!  Watch pussy sucking Lesbians, horny MILFS, Ebonys, Gorgeous She Males, Sexy Latinas, hot amateurs, teen Asians and BBW's live sex cams for your viewing and masturbation pleasure.",,Rude.com :: Homepage
162,Porn,https://nastyvideotube.com,"NastyVideoTube.com - Free porn videos, XXX porn movies, Nasty video tube - Daily updated free sex videos.",,"NastyVideoTube.com - Free porn videos, XXX porn movies, Nasty video tube"
163,Porn,https://entensity.net,Entensity.net - ::.:..: :. ::. :..::: ::. . :::..: = Updated Daily,Entensity has something for everyone!,Entensity.net - Updated Daily
164,Porn,https://fling.com,Fling‚Ñ¢ - World's Best Adult Personals! - Browse the world‚Äôs best adult personals site for FREE!,Fling is the best online dating website for Adults. Trade pictures and speak with others on webcam or mobile before hooking up.,Fling OFFICIAL - Biggest Adult Personals & Dating Site
165,Porn,https://magicmovies.com,Magic Movies - Free Sex Movies (magicmovies.com) - Magic Movies delivers very long Flash Sex Movies,,Magic Movies - Free Sex Movies (magicmovies.com)
166,Porn,https://hotmovies.com,"Adult Video on Demand - Hot Movies -  160,000+ Adult Videos on Demand. Bigger and better. Pay Per View w/ no membership fees! 10 minutes free porn. Streaming porn video from a company you can trust.","210,000+ full-length adult videos on demand in a perfectly organized database. State-of-the-art search tools get you right to the movies you want to...","Hot Movies: Porn Database, Adult Video on Demand, Porn Stars"
167,Porn,https://poguide.com,Porn - Search & Watch Free Porn Videos - Poguide - Search and watch hundreds of thousands of free videos and short clips using relevant results algorithm. Our editors add best video site in our featured section.,error,error
168,Porn,https://paheal.net,Paheal.net,error,error
169,Porn,https://girlsofdesire.org,"Girls of Desire - Sexy Babes Blog - Hot Nude Girls - Girls of Desire: All babes in one place, crazy, art, pussy, naughty, bikini, asian, teen, porn, amateur, lesbian, celeb, desire, boobs, games",,Girls of Desire - Sexy Babes Blog - Hot Nude Girls
170,Porn,https://babes.com,Babes.com - Hottest Amateur Pornstars In The Best Erotic HD Porn Vids - Amateur pornstars & perfect girls in HD erotic porn videos.              Watch these sexy nude girls & hot babes in hardcore XXX sex videos at Babes.com!,The BABES.com pornsite offers perfect girls in HD sensual porn. Check out our free tour for a tastes of whats inside.,Babes - Hot Girls in HD Sensual Porn Videos
171,Porn,https://submityourflicks.com,"SubmitYourFlicks - Free Amateur Porn Videos & Sex Movies, User Submitted Content - Amateur tube, dating, personals, videos, live chat submityourflicks.com is the hottest amateur video site on the net! All movies are user submitted",Amateur Porn is our game. We have been bringing you the best homemade amateur porn on the internet for years.,Homemade Amateur Porn - SubmitYourFlicks.com
172,Porn,https://mofosex.com,"Free Porn Videos, Porn Tube, Sex Videos, Sex & Free XXX Porno Clips - Free sex porn videos & porno movies. Mofo Sex is the most preferred free porn site. Download xxx videos, stream porntube and watch full HD sex pussy movies!",error,error
173,Porn,https://xxxymovies.com,"Latest Porn Movies, Free XXX Porn and Sexy Pornos - World's largest porn vault of free Porn Movies and Adult Movies. Search for your favorite free porno movies and sex scenes and join the free porn community.","Over 125,000 Free XXX Movies! The Ultimate Free Porn Tube Site with new Porn Videos Everyday! Porn Stars and Amateurs - Watch or Download For Free!",Free Porn Movies | 100% Free HD Porn Videos XXX Movies | XXXYMovies.com
174,Porn,https://4porn.com,"4 Porn - Porn, Free Porn, Porn Tube, Porn Movies, Porn Clips - 4PORN.com has massive collection of free porn, porn videos and best hardcore movies online! Let us show you that internet is 4 PORN!!","4PORN.com has massive collection of free porn, porn videos and best hardcore movies online! Let us show you that internet is 4 PORN!! Stepmom, Beauty, Mom, Milf, Japanese, Teen, Maid, Shemale, Seduced, Surprise, Cheating, Lesbian, Massage, Big Ass, Big Cock and much more.","4 Porn - Porn, Free Porn, Tube Porn, Porn Movies, Porn Clips"
175,Porn,https://cams.com,"Cams - Live Cams, Adult Webcams & Sex Chat Shows - The best of the web live porn, adult webcams & sex chat. Enjoy the company of hot webcam models, sexy nude cam girls, lesbians, guys & couple sex.",Thousands of free and private live sex cams and adult chat with HD streaming video and audio. Watch real amateurs and pornstars online 24/7.,"Cams.com - Free Sex Cams, Live Sex Chat 24/7 - Cams.com"
176,Porn,https://youngleafs.com,"Free Porn Pussy Sex XXX Pics Porno Tube Videos and Pictures - YoungLeafs.com presents thumbnailed links to porn galleries featuring free porn movies, xxx porn pictures, porn tube movies, wet teen pussy, hot babes and nude girls.","Free Porn Movies, Tube Videos, Porno Clips","Free Porn Videos, Tube Sex Movies - XXX Porno, Pussy In HD"
177,Porn,https://keandra.com,Porn Tube Categories - Free Porn Videos and Sex Videos - KEANDRA.COM is a porn tube with hundreds of free porn videos categories showing sex videos.,error,error
178,Porn,https://worldsex.com,"Worldsex.com free hardcore sex pictures, free porn movies, daily updated free sex links and adult xxx video","Worldsex offers free sex pics and xxx porn movies since 1996. Watch or download free Mobile porn, see xxx tube movies from recent and popular pornstars",Free Sex Pics and Videos | Mobile porn XXX at Worldsex.com
179,Porn,https://heaven666.org,"Heaven666 - It's what you make of it - Impressive collection of media from bizarre and violent to hilarious, from the hottest babes and hardcore porn to the filthiest celebrities",error,error
180,Porn,https://milfmovs.com,Milf Movies = FREE Mature/MIlf/Moms Porn Movie Galleries,,Milf Movies = FREE Mature/MIlf/Moms Porn Movie Galleries
181,Porn,https://adultwork.com,"AdultWork.com - Adult Service Providers & Erotic Content - Escorts, Webcammers, SMS & Phone Chat/Sex, Movies, Galleries & Auctions - Adult Entertainment Service Provider Directory & more - Escort, Webcam, Phone Chat/Sex & Movies","Adult Entertainment Service Provider Directory & more - Escort, Webcam, Phone Chat/Sex & Movies","AdultWork.com - Adult Service Providers & Erotic Content - Escorts, Webcammers, SMS & Phone Chat/Sex, Movies, Galleries & Auctions"
182,Porn,https://sexyandfunny.com,"Sexy and Funny - Sexy Videos, Hot Girls, Funny and Sexy Photos/Animations",,"Sexy and Funny - Sexy Videos, Hot Girls, Funny and Sexy Photos/Animations"
183,Porn,https://redtubenow.com,Red Tube Now - Best porn tube clips - All kinds of dirty fucking is offered in free online streaming porn. Redtubenow delivers new porn episodes daily. Ladies fel hunger for cocks! Tube porn awaits you!,error,error
184,Porn,https://uselessjunk.com,NSFW Videos Images Links | UselessJunk.com,error,error
185,Porn,https://pornper.com,"Free Porn Tube PornPer.com Movies Free Pussy Hot Sex Videos Streaming Porn Video! - Free PornPer.com free Porn and Free Sex Videos at PornPer.com Kinky Free Porn Tube and Hot PornPer.com Movies Tube, Watch free porn videos online or download free sex movies and free PornPer.com movies.",error,error
186,Porn,https://mplstudios.com,MPL Studios presents: Artistic Nudes - The Fine Art of Erotica,,MPL Studios presents: Artistic Nudes - The Fine Art of Erotica
187,Porn,https://greengaytube.com,"Gaytube. Free gay videos. XXX green gay tube porn. - Free gay porn tube movies, hot XXX amateur sex videos, gay porno. The best porntube!",Very fast gay tube. High quality videos have been collected from thousands sites. New films are added every hour.,"Green Gay Tube. Free streaming videos. XXX sex movies, porn clips."
188,Porn,https://largeporntube.com,"Large Porn Tube. Free tube porn videos, free sex, full length streaming sex videos. - Large Porn Tube is a free porn tube site featuring a lot of free porn videos. New videos added every day!",Watch FREE porn videos at PornTube.com with new porn videos added daily. Find Pornstars and download their free sex videos in HD and Mobile ready.,PornTube ¬Æ - Free Porn Videos
189,Porn,https://hornywhores.net,"HornyWhores.net | Full free porn videos and movie download - HornyWhores.net - Free Sex, Free Porn, Free Direct Download","Free Sex, Free Porn, Free Direct Download","HornyWhores.net | Free Sex, Free Porn, Free Direct Download"
190,Porn,https://taxidrivermovie.com,"TaxiDriverMovie.com - Celeb Nip Slip, Celeb Upskirt, and other Pictures THEY don't want YOU to see! ","Hottest Nude Celebs, Photos, Pictures, Videos and more at Taxidrivermovie.com. Celeb porn pictures like you have never seen before. Photos added daily!","Free Nude Celebs & Pornstars - Sex Photos, XXX, Images, Categories - Taxi Driver Movie"
191,Porn,https://hot-sex-tube.com,"Hot-Sex-Tube.com - Free porn videos, XXX porn movies, Hot sex tube - Daily updated free porn tube",Daily updated free porn tube,"Hot-Sex-Tube.com - Free porn videos, XXX porn movies, Hot sex tube"
192,Porn,https://scoreland.com,Watch Now or Download Hi-Def Big Tit Videos of Scoreland's Busty Women - Watch Now or Download Hi-Def Big Tit Videos of Scoreland's Busty Women.,Welcome to Scoreland: #1 in Big Boobs! Big tit videos and photos of the world's biggest tits.,#1 in Big Boobs - Scoreland
193,Porn,https://aebn.net,"THE #1 ADULT VIDEO ON DEMAND THEATER IN THE WORLD! - AEBN Porn Pay Per View Network and Video On Demand. Over 100,000 XXX Straight and Gay Adult VOD movies in the Adult Entertainment Broadcast Network.",Trusted Adult Video Provider Since 1999 ‚Äì Thousands of XXX Videos On-Demand from the Hottest Adult Studios and Porn Stars.,"AEBN ‚Äì XXX Adult Video Streaming, Downloads & Rentals"
194,Porn,https://pornhublive.com,"PornHubLive - Live Sex Chat, Sex Shows and Webcam Sex - Amateur Cams and Pornstars - PornHubLive features live webcam models streaming direct to you from their homes and studios around the world. Sexy webcam online strip shows, sex shows, you name it.",,PornHubLive - Web Cam Video Chat
195,Porn,https://boysfood.com,"FREE PORN Videos. Full length Porn Movies & clips - BoysFood.com - Free Porn Videos available online for instant play or download, no signup is required for our FREE PORN, just click and play our Free Porn Videos now.","Free Porn Videos available online for instant play or download, no signup is required for our FREE PORN, just click and play our Free Porn Videos now.",FREE PORN Videos. Full length Porn Movies & clips - BoysFood.com
196,Porn,https://jjgirls.com,"JJGirls Japanese AV Idols Sex Photo Porn Tube xXx  Movie TGP - JJGirls Japanese AV Idols Sex Photo Porn Tube xXx  Movie TGP ! JJGirls Daily Japanese AV Idols Porn Pictures Sex Photos xXx Tubes. Featuring free Japanese pussy pictures, Japanese schoolgirls, Japanese AV girls, Nude Japanese babes, Asi","JJGirls Japanese AV Idols Sex Photo Porn Pics Jav Tube xXx Movie TGP  ! JJGirls Daily Japanese DMM R18 JAV AV Idols Porn Pictures Sex Photos xXx Tubes. Free Japanese pussy pictures, Japanese schoolgirls, JAV girls, Nude Japanese babes, Asian sex Movies, Asian porn videos, Asian girls images, Japanese bukkake bondage with Asian Porn Pics TGP, Japanese Porn Tube!",JJGirls Japanese AV Idols Sex Photo Porn Pics Jav Tube xXx Movie TGP
197,Porn,https://eroticbeauties.net,"Nude Erotica, Erotic Nude Photography, Erotic Pictures & Video, Passionate Hardcore Erotica - Featuring X-Art, Hegre-Art, MET-ART, Femjoy Nudes - Erotic Beauties - Erotic Beauties features erotic nude photography and video of the most beautiful models in the world. Check out all our free erotic","Browse over 250k nude photos of beautiful naked women for free at Erotic Beauties. Discover our growing collection of hand picked nude picture galleries, updated daily.",Beautiful Naked Women & Sexy Nude Pics | Erotic Beauties
198,Porn,https://fulltubemovies.com,"Full Tube Movies - Best porn site offering full length streaming porn movies from sites Red Tube, Tube8, Pornhub, Shufuni, Xhamster and lots more videos!",Watch the hottest videos from Brazzers in one site for free. We bring you the best videos from our collection for your enjoyment.,Brazzers XXX Free Porn Videos Library- Watch Adult Film
199,Porn,https://freexcafe.com,"Naked Women * Beautiful Nudes * Beauty of Nude Woman * XXX and Erotic Nudes - Huge Collection of Erotic, Nude and XXX Photography! Naked women, erotic nudes, nude women xxx, beautiful nude women, nude female models, beauty nudes. Daily Updates! In addition, Freexcafe nudes contains niche selected p",,
