,Category,url,description,title
0,Education,https://wikipedia.org,"Wikipedia is a free online encyclopedia, created and edited by volunteers around the world and hosted by the Wikimedia Foundation.",Wikipedia
1,Education,https://thefreedictionary.com,"The World's most comprehensive free online dictionary, thesaurus, and encyclopedia with synonyms, definitions, idioms, abbreviations, and medical, financial, legal specialized dictionaries","Dictionary, Encyclopedia and Thesaurus - The Free Dictionary"
2,Education,https://khanacademy.org,"Learn for free about math, art, computer programming, economics, physics, chemistry, biology, medicine, finance, history, and more. Khan Academy is a nonprofit with the mission of providing a free, world-class education for anyone, anywhere.","Khan Academy | Free Online Courses, Lessons & Practice"
3,Education,https://reference.com,"Whether you're interested in history, science or culture, there's something for everyone on Reference.",Reference.com - What's Your Question?
4,Education,https://urbandictionary.com,Whole nother may have evolved from another but experts are baffled so its true meaning remains unknown.,"Urban Dictionary, June 1: whole nother"
5,Education,https://lynda.com,"Learn business, creative, and technology skills to achieve your personal and professional goals. Join LinkedIn Learning today to get access to thousands of courses. Lynda is now LinkedIn Learning.","LinkedIn Learning with Lynda: Online Training Courses for Creative, Technology, Business Skills"
6,Education,https://m-w.com,"The dictionary by Merriam-Webster is America's most trusted online dictionary for English word definitions, meanings, and pronunciation. #wordsmatter",Dictionary by Merriam-Webster: America's most-trusted online dictionary
7,Education,https://wikimedia.org,Wikimedia is a global movement whose mission is to bring free educational content to the world.,Wikimedia
8,Education,https://quizlet.com,error,error
9,Education,https://starfall.com,"At Starfall, children have fun while they learn - specializing in reading, phonics & math - educational games, movies, books, songs, and more for children K-3.","Starfall Education: Kids Games, Movies, & Books K-3"
10,Education,https://wordreference.com,"Free online dictionaries - Spanish, French, Italian, German and more. Conjugations, audio pronunciations and forums for your questions.","English to French, Italian, German & Spanish Dictionary - WordReference.com"
11,Education,https://harvard.edu,"Harvard University is devoted to excellence in teaching, learning, and research, and to developing leaders who make a difference globally.",Harvard University
12,Education,https://edmodo.com,,
13,Education,https://brainyquote.com,"Share our collection of inspirational and famous quotes by authors you know and love. Share our Quotes of the Day on the web, Facebook, Twitter, and blogs.",Inspirational Quotes at BrainyQuote
14,Education,https://coolmath-games.com,error,error
15,Education,https://blackboard.com,"Blackboard is a leading global educational technology solution for Higher Ed, K-12, business, and government, connecting education to the power of technology.",Educational Technology Services | Blackboard | North America
16,Education,https://codecademy.com,error,error
17,Education,https://ed.gov,,Home | U.S. Department of Education
18,Education,https://turnitin.com,"Turnitin solutions promote academic integrity, streamline grading and feedback, deter plagiarism, and improve student outcomes.","Empower Students to Do Their Best, Original Work | Turnitin"
19,Education,https://phoenix.edu,University of Phoenix offers online degrees & courses aligned to 300+ occupations. Explore tuition-saving opportunities at our accredited online college!,"Online College, Affordable & Always On | University of Phoenix"
20,Education,https://sporcle.com,error,error
21,Education,https://collegeboard.org,,"College Board - SAT, AP, College Search and Admission Tools"
22,Education,https://stanford.edu,"One of the world's leading research and teaching institutions. Catalyzing discovery, accelerating solutions, sustaining life on Earth, and preparing students for active citizenship.",Stanford University
23,Education,https://ixl.com,"IXL is the world's most popular subscription-based learning site for K‚Äì12. Used by over 13 million students, IXL provides personalized learning in more than 8,500 topics, covering math, language arts, science, social studies, and Spanish. Interactive questions, awards, and certificates keep kids motivated as they master skills.","IXL | Math, Language Arts, Science, Social Studies, and Spanish"
24,Education,https://funbrain.com,"Funbrain is the leader in online educational interactive content, with hundreds of free games, books & videos for kids of all ages. Check out Funbrain here.",Free Online Learning & Education For Kids | Funbrain - Funbrain
25,Education,https://ratemyprofessors.com,"With over 1.3 million professors, 7,000 schools &amp; 15 million ratings, Rate My Professors is the best professor ratings source based on student feedback. Find &amp; rate your professors or school! #LeaveYourMark",Rate My Professors
26,Education,https://k12.com,"K12 is a trusted provider of online learning for many virtual public schools, as well as homeschooling. Take charge of your child‚Äôs education & enroll now.",K12: Online Public School Programs | Online Learning Programs
27,Education,https://berkeley.edu,,"Home | University of California, Berkeley"
28,Education,https://utexas.edu,"The University of Texas at Austin is a bold, ambitious leader, providing a first-class education and the tools of discovery to more than 51,000 students.",The University of Texas at Austin
29,Education,https://mentalfloss.com,"Test your knowledge with amazing and interesting facts, trivia, quizzes, and brain teaser games on MentalFloss.com.",Mental Floss
30,Education,https://umich.edu,"A top-ranked public university, the University of Michigan has a tradition of excellence in research, learning and teaching, sports and the arts, and more.",University of Michigan
31,Education,https://yourdictionary.com,"Our online dictionary is the best source for definitions and origins of words, meanings of concepts, example sentences, synonyms and antonyms, grammar tips, and more.",YourDictionary: Definitions and Meanings From Over a Dozen Trusted Dictionary Sources
32,Education,https://si.edu,"Official website of the Smithsonian, the world's largest museum and research complex, with 19 museums, 9 research centers, and affiliates around the world.",Smithsonian Institution | Home
33,Education,https://spanishdict.com,The world's most popular Spanish translation website. Over 1 million words and phrases. Free. Easy. Accurate.,"SpanishDict | English to Spanish Translation, Dictionary, Translator"
34,Education,https://mit.edu,"The mission of MIT is to advance knowledge and educate students in science, technology and other areas of scholarship that will best serve the nation and the world in the 21st century.",MIT - Massachusetts Institute of Technology
35,Education,https://britannica.com,"Explore the fact-checked online encyclopedia from Encyclopaedia Britannica with hundreds of thousands of objective articles, biographies, videos, and images from experts.",Encyclopedia Britannica | Britannica
36,Education,https://coolmath.com,"Cool Math has free online cool math lessons, cool math games and fun math activities. Really clear math lessons (pre-algebra, algebra, precalculus), cool math games, online graphing calculators, geometry art, fractals, polyhedra, parents and teachers areas too.","Cool Math - free online cool math lessons, cool math games & apps, fun math activities, pre-algebra, algebra, precalculus"
37,Education,https://infoplease.com,"Infoplease is a free, authoritative, and respected reference for Internet users that provides a comprehensive encyclopedia, almanac, atlas, dictionary, and thesaurus.","Infoplease: An Online Encyclopedia, Almanac, Atlas, Biographies, Dictionary, and Thesaurus"
38,Education,https://columbia.edu,,Columbia University in the City of New York
39,Education,https://usc.edu,"The University of Southern California is a leading private research university located in Los Angeles ‚Äî a global center for arts, technology and international business. It is home to the College of Letters, Arts and Sciences and 21 exceptional academic schools and units. USC‚Äôs Health Sciences campus houses renowned specialized care and research in cancer, stem cell and regenerative medicine, orthopedics and sports medicine. The university is the largest private sector employer in the city of Los Angeles, responsible for $8 billion annually in economic activity in the region.",University of Southern California
40,Education,https://cornell.edu,"Cornell University is a private research university that provides an exceptional education for undergraduates and graduate and professional students. Cornell's colleges and schools encompass more than 100 fields of study, with locations in Ithaca, New York, New York City and Doha, Qatar.",Cornell University
41,Education,https://purdue.edu,"Purdue University is a world-renowned, public research university that advances discoveries in science, technology, engineering and math. With its flagship campus in West Lafayette, Indiana, Purdue is a land-grant university with a system that has statewide campuses and online, adult-learning and polytechnic programs.",Purdue University - Indiana's Land Grant University
42,Education,https://searchquotes.com,"Best collection of famous quotes and sayings on the web! Quotes from famous authors, movies and people. Amazing quotes to bring inspiration, personal growth, love and happiness to your everyday life.",Quotes and Sayings - SearchQuotes
43,Education,https://vt.edu,,Home | Virginia Tech
44,Education,https://rosettastone.com,Rosetta Stone is the best way to learn a foreign language. The award-winning language solution combines proven learning methods with the world's best speech recognition technology.,Official Rosetta Stone¬Æ - Language Learning - Learn a Language
45,Education,https://acronymfinder.com,Acronym Finder is the largest and most trusted database of over 4 million acronyms and abbreviations. What does an abbreviation stands for? The answer is here,Abbreviations and acronyms dictionary
46,Education,https://wisc.edu,"The University of Wisconsin is a top-ranked research institution located in Madison, Wisconsin, providing exceptional education opportunities to undergraduates, graduate and professional students.",University of Wisconsin‚ÄìMadison
47,Education,https://coursera.org,"Learn online and earn valuable credentials from top universities like Yale, Michigan, Stanford, and leading companies like Google and IBM. Join Coursera for free and transform your career with degrees, certificates, Specializations, & MOOCs in data science, computer science, business, and dozens of other topics.",Coursera | Online Courses & Credentials From Top Educators. Join for Free
48,Education,https://nyu.edu,,NYU
49,Education,https://instructure.com,"Instructure's educational software includes Canvas LMS, used by schools and universities worldwide. Learn why Instructure is a great place to work and to invest in.",Instructure | Educational Software Development
50,Education,https://washington.edu,University of Washington,UW Homepage
51,Education,https://udacity.com,"Learn online and advance your career with courses in programming, data science, artificial intelligence, digital marketing, and more. Gain in-demand technical skills. Join today!",Learn the Latest Tech Skills; Advance Your Career | Udacity
52,Education,https://metmuseum.org,,
53,Education,https://education.com,"Get a learning boost with thousands of worksheets, games, lesson plans, and more from our library of printable and digital resources for preschool, kindergarten, and elementary learners.",Education.com | #1 Educational Site for Pre-K to 8th Grade
54,Education,https://psu.edu,"Penn State is a major, public, research-I university serving Pennsylvania and the global community. Learn more about our undergraduate, graduate, and doctoral degree programs.",The Pennsylvania State University | Penn State
55,Education,https://spellingcity.com,Improve knowedge of vocabulary words with spelling practice from VocabularySpellingCity. Our engaging phonics games for kids help students become spelling masters.,Vocabulary Words - Spelling Practice - Phonics Games for Kids
56,Education,https://osu.edu,"Discover Ohio State, the highest ranked public university in Ohio, is home to the Wexner Medical Center and world-class graduate and undergraduate programs.",The Ohio State University
57,Education,https://ncsu.edu,"Discover North Carolina State University, a leading public research university located in Raleigh, North Carolina.",NC State University
58,Education,https://fullsail.edu,error,error
59,Education,https://ucla.edu,"UCLA advances knowledge, addresses pressing societal needs and creates a university enriched by diverse perspectives were all individuals can flourish.",UCLA
60,Education,https://yale.edu,"Since its founding in 1701, Yale University has been dedicated to expanding and sharing knowledge, inspiring innovation, and preserving cultural and scientific information for future generations.",Yale University
61,Education,https://ufl.edu,"As a top 5 public research university, Florida fosters a uniquely collaborative environment that transforms potential into actual results. Learn more.",Home | University of Florida
62,Education,https://bu.edu,Boston University is a leading private research institution with two primary campuses in the heart of Boston and programs around the world.,Homepage | Boston University
63,Education,https://mathsisfun.com,"Math explained in easy language, plus puzzles, games, worksheets and an illustrated dictionary. For K-12 kids, teachers and parents.",Math is Fun
64,Education,https://edline.net,error,error
65,Education,https://wiktionary.org,,Wiktionary
66,Education,https://shmoop.com,The cozy home of your favorite free study guides and the most helpful study tools around! Check out our new digs and get the help you need!,Homework Help & Study Guides For Students | Shmoop
67,Education,https://forvo.com,error,error
68,Education,https://teacherspayteachers.com,World‚Äôs most popular online marketplace for original educational resources with more than four million resources available for use today.,Teaching Resources & Lesson Plans | Teachers Pay Teachers
69,Education,https://craftsy.com,"Craftsy is your online resource for all creative makers, where you can find everything you need ‚Äì from basic instruction to advanced techniques.",Craftsy.com | Express Your Creativity! | Engage your passion with Craftsy and learn to make something beautiful!
70,Education,https://chronicle.com,,
71,Education,https://asu.edu,,Arizona State University | Arizona State University
72,Education,https://thinkexist.com,error,error
73,Education,https://quotationspage.com,error,error
74,Education,https://discoveryeducation.com,,
75,Education,https://webopedia.com,Webopedia is the most comprehensive information technology reference. Read computer definitions and study guides now.,"Webopedia: IT & Computer Dictionary, Study Guides & Reviews"
76,Education,https://colorado.edu,"The University of Colorado Boulder is a bold, innovative community of scholars and learners who accelerate human potential to solve the humanitarian, social and technological challenges of our time. Come to CU Boulder and discover what you can be.",Home | University of Colorado Boulder
77,Education,https://uga.edu,,UGA
78,Education,https://enotes.com,error,error
79,Education,https://usingenglish.com,"Resources to learn the English language for ESL, EFL, ESOL, and EAP students and teachers. Browse our Glossary of Terms, join our busy forums, download our free language software, read our articles and teacher handouts, and find useful links and information on English here.",UsingEnglish.com: English Language (ESL) Learning Online
80,Education,https://msu.edu,,Michigan State University
81,Education,https://busuu.com,Study a new language online with Busuu's award-winning courses. Learn together with native speakers in Busuu's community.,Busuu - Learn Languages Online: Start for Free
82,Education,https://funtrivia.com,error,error
83,Education,https://wiziq.com,Virtual Classroom and LMS Software to deliver live and self-paced online courses. Everything you need to teach and train online. Start now.,Virtual Classroom and LMS Software | WizIQ
84,Education,https://jhu.edu,"Johns Hopkins, founded in 1876, is America's first research university and home to nine world-class academic divisions working together as one university",Home | Johns Hopkins University
85,Education,https://upenn.edu,,University of Pennsylvania
86,Education,https://virginia.edu,error,error
87,Education,https://ets.org,"ETS is committed to advancing quality and equity in education for all people worldwide through assessment development, educational research, policy studies and more.",ETS Home
88,Education,https://engrade.com,error,error
89,Education,https://greatschools.net,error,error
90,Education,https://udemy.com,"Udemy is an online learning and teaching marketplace with over 185,000 courses and 49 million students. Learn programming, marketing, data science and more.","Online Courses - Learn Anything, On Your Schedule | Udemy"
91,Education,https://java2s.com,error,error
92,Education,https://proprofs.com,"ProProfs - Knowledge Management Software for Quizzes, Tests, Training, Flashcards, Knowledge Base. Get started with our knowledge management softwares.","ProProfs: SAAS Software for Training, Customer Support & More"
93,Education,https://salliemae.com,error,error
94,Education,https://oxforddictionaries.com,error,error
95,Education,https://liberty.edu,"Liberty University has over 700 degrees at the bachelor's, master's, or doctoral level. Study at our beautiful campus in central Virginia or online from anywhere in the world!",Liberty University: A Christian University in Virginia and Online
96,Education,https://northwestern.edu,"Northwestern is one of the country‚Äôs leading private research and teaching universities, located in Evanston, IL. Our highly collaborative environment provides our diverse students and faculty with exceptional opportunities for personal and professional growth.",Northwestern University
97,Education,https://nd.edu,The University of Notre Dame is a private research university inspired by its Catholic character to be a powerful force for good in the world.,University of Notre Dame
98,Education,https://rutgers.edu,"Rutgers, The State University of New Jersey, is one of America's leading public research universities. Consistently top-ranked, Rutgers offers a range of undergraduate and graduate degree programs and continuing education opportunities.",Rutgers University
99,Education,https://arizona.edu,"We live our purpose, mission and values every day and we do this in one of the most incredible places on Earth. At the University of Arizona, everywhere you look is filled with wonder.",University of Arizona | The University of Arizona
100,Education,https://edublogs.org,,"Edublogs ‚Äì free blogs for education ‚Äì Blogs and websites for teachers, students, and schools"
101,Education,https://unc.edu,"The University of North Carolina at Chapel Hill, the nation‚Äôs first public university, is a global higher education leader known for innovative teaching, research and public service. A member of the prestigious Association of American Universities, Carolina regularly ranks as the best value for academic quality in U.S. public higher education.",The University of North Carolina at Chapel Hill
102,Education,https://desire2learn.com,error,error
103,Education,https://umd.edu,,The University of Maryland | A Preeminent Public Research University
104,Education,https://macmillandictionary.com,error,error
105,Education,https://studyisland.com,[block:block=566] Boost Standards Mastery and Proficiency Students who use our standards-based formative assessment and practice program achieve higher math and reading assessment scores.,Study Island | Edmentum
106,Education,https://phrases.org.uk,"The meanings and origins of thousands of English phrases, sayings, idioms, expressions and proverbs that we use daily.","Phrases and Sayings, with meanings and origins explained."
107,Education,https://vanderbilt.edu,"Vanderbilt is a private research university in Nashville, Tennessee. It offers 70 undergraduate majors and a full range of graduate and professional degrees across 10 schools and colleges.",Vanderbilt University
108,Education,https://ucf.edu,"UCF is an emerging preeminent research university in Florida & one of the best colleges for quality, access, impact & value.",University of Central Florida | Orlando's Hometown University
109,Education,https://hawaii.edu,"With 10 campuses and educational, training and research centers across the Hawaiian Islands, the UH System is leading the way to a diverse, sustainable future.",University of Hawaii System
110,Education,https://cuny.edu,The Greatest Urban University in the World,The City University of New York
111,Education,https://tamu.edu,"The first public institution of higher education, this flagship university provides the best return-on-investment among Texas's public schools, with almost 400 degrees.","Texas A&M University, College Station, TX"
112,Education,https://quotegarden.com,"Large, searchable compilation of quotations arranged by topic. Inspirational, thought-provoking, humorous, literary, and special occasion quotes.",The Quote Garden
113,Education,https://duke.edu,,Duke University
114,Education,https://princeton.edu,"Through teaching and research, we educate people who will contribute to society and develop knowledge that will make a difference in the world.",Princeton University
115,Education,https://commonapp.org,"Each year, the Common App goes offline to prepare for the launch of the new application. The 2021-2022 application will launch on August 1, 2021.",Apply to college with Common App | Your future starts here
116,Education,https://uiowa.edu,"Join a global community of renowned artists, pioneering scientists, and faculty dedicated to student success at the University of Iowa.",The University of Iowa
117,Education,https://gmu.edu,error,error
118,Education,https://collegeconfidential.com,"Real, unfiltered guidance on applying to college and exploring majors and careers.",Admissions | College Search | College Confidential
119,Education,https://ashford.edu,error,error
120,Education,https://synonym.com,error,error
121,Education,https://raz-kids.com,"Online guided reading program with interactive ebooks, downloadable books, and reading quizzes.",Raz-Kids
122,Education,https://wustl.edu,"Washington University is a place where you can be an individual and achieve exceptional things. We are committed to learning and exploration, to both discovery and impact.",Washington University in St. Louis
123,Education,https://gatech.edu,"Georgia Tech (Georgia Institute of Technology) is a technology-focused college in Atlanta, Ga, and one of the top research universities in the USA.",Georgia Tech
124,Education,https://wikiquote.org,,Wikiquote
125,Education,https://babbel.com,"Babbel is the new way to learn a foreign language. The comprehensive learning system combines effective education methods with state-of-the-art technology. Interactive online courses will improve your grammar, vocabulary and pronunciation skills in no time. You'll make fast progress and have fun doing it.",Language for Life - Babbel.com
126,Education,https://c-sharpcorner.com,,C# Corner - Community of Software and Data Developers
127,Education,https://gsu.edu,"With seven campuses throughout metro Atlanta, the university provides its world-class faculty and more than 51,000 students with unsurpassed connections to the opportunities available in one of the 21st century‚Äôs great global cities.",Georgia State University
128,Education,https://cliffsnotes.com,"CliffsNotes is the original (and most widely imitated) study guide. CliffsNotes study guides are written by real teachers and professors, so no matter what you&#39;re studying, CliffsNotes can ease your homework headaches and help you score high on exams. Founded in 1958 by Clifton Keith Hillegass, CliffsNotes is the original company that produced study guides and book summaries ranging from Shakespeare to Algebra and the SAT!","CliffsNotes Study Guides | Book Summaries, Test Preparation & Homework Help | Written by Teachers"
129,Education,https://gwu.edu,error,error
130,Education,https://wordhippo.com,Thesaurus and word tools for your creative needs. Find the word you're looking for!,Thesaurus and Word Tools | WordHippo
131,Education,https://thinkquest.org,error,error
132,Education,https://ucdavis.edu,UC Davis innovates to address the world‚Äôs most challenging problems and educates tomorrow‚Äôs leaders.,UC Davis | UC Davis
133,Education,https://indexmundi.com,IndexMundi is a data portal that gathers facts and statistics from multiple sources and turns them into easy to use visuals.,IndexMundi - Country Facts
134,Education,https://fileinfo.com,"FileInfo is the central file extensions registry and contains a database of over 10,000 file types.",FileInfo.com - The File Format Database
135,Education,https://usf.edu,,"Welcome to the University of South Florida | Tampa, St. Petersburg, Sarasota-Manatee,
      FL"
136,Education,https://pitt.edu,,Home | University of Pittsburgh
137,Education,https://higheredjobs.com,,
138,Education,https://education-portal.com,Take online courses on Study.com that are fun and engaging. Pass exams to earn real college credit. Research schools and degrees to further your education.,"Study.com | Take Online Courses. Earn College Credit. Research Schools, Degrees & Careers"
139,Education,https://caltech.edu,The California Institute of Technology aims to expand human knowledge and benefit society through research integrated with education.,"Home
  

     | 
    
    www.caltech.edu"
140,Education,https://uci.edu,"Home page for the University of California, Irvine.",Home | UCI
141,Education,https://unt.edu,"UNT is a student-focused, public, research university located in Denton, Texas. As one of Texas' largest universities, we offer 113 bachelor's, 94 master's and 37 doctoral degree programs within the university's 14 colleges and schools.",University of North Texas
142,Education,https://utoronto.ca,"The University of Toronto is a globally top-ranked public research university in Toronto, Ontario, Canada.",University of Toronto
143,Education,https://enchantedlearning.com,"Enchanted Learning has thousands of kids worksheets, crafts, activities, and more, across all major school subjects!","EnchantedLearning.com | Worksheets, Activities, Crafts & More"
144,Education,https://umn.edu,"The University of Minnesota, Twin Cities is among the nation‚Äôs top public research universities offering a wide range of undergraduate and graduate programs.",University of Minnesota Twin Cities
145,Education,https://utk.edu,"Learn how University of Tennessee Volunteers light the way for others. Request information, visit campus, or apply for admission.","The University of Tennessee, Knoxville"
146,Education,https://thegreatcourses.com,error,error
147,Education,https://oregonstate.edu,Oregon State University continues to advance its 150-year mission to provide access to a high-quality education as Oregon's largest and only statewide public research university.,Oregon State University
148,Education,https://ucsb.edu,UC Santa Barbara is a leading center for teaching and research located on the California coast - truly a learning and living environment like no other!,Home | UC Santa Barbara
149,Education,https://edx.org,Access 2000 free online courses from 140 leading institutions worldwide. Gain new skills and earn a certificate of completion. Join today.,"edX | Free Online Courses by Harvard, MIT, & more | edX"
150,Education,https://uchicago.edu,"One of the world‚Äôs leading research universities, the University of Chicago inspires scholars to pursue field-defining research, while providing a transformative education for students.",The University of Chicago | University of Chicago
151,Education,https://ucsd.edu,,University of California San Diego
152,Education,https://umass.edu,,Homepage : UMass Amherst
153,Education,https://englishclub.com,Free online resources for learning English üá¨üáßüá∫üá∏ or teaching it. From easy guides to grammar to fun games and quizzes.,EnglishClub - Learn or Teach English Today
154,Education,https://uoregon.edu,Oregon's flagship institution tucked into the scenic Willamette Valley.,University of Oregon
155,Education,https://italki.com,"italki is the best language learning community. Here you can learn over 150 languages like English, Spanish, French, Chinese, etc. with professional online tutors.",Learn 150+ foreign languages with professional teachers online
156,Education,https://fsu.edu,"FSU, designated a preeminent university in the state of Florida, is one of the most respected research and learning institutions in the country.",Florida State University
157,Education,https://ox.ac.uk,The University of Oxford is one of the leading universities in the world.,University of Oxford
158,Education,https://utah.edu,"Founded in 1850, The University of Utah is the flagship institution of higher learning in Utah, and offers over 100 undergraduate and more than 90 graduate degree programs to over 30,000 students. As a preeminent research and teaching institution, the University cultivates an academic environment in which the highest standards of intellectual integrity and scholarship are practiced.",The University of Utah
159,Education,https://k-state.edu,"Kansas State University embraces diversity, encourages engagement and is committed to improving the quality of life of those we serve through education, research and service.",Kansas State University
160,Education,https://thegeekstuff.com,"Guides, HowTos and Tips for Technology Geeks",The Geek Stuff
161,Education,https://indiana.edu,"Students get the quintessential college experience at Indiana University Bloomington, one of America's leading research universities.",Indiana University Bloomington
162,Education,https://open.ac.uk,error,error
163,Education,https://cam.ac.uk,"The mission of the University of Cambridge is to contribute to society through education, learning and research at the highest international level.",University of Cambridge
164,Education,https://cmu.edu,"CMU is a global research university known for its world-class, interdisciplinary programs: arts, business, computing, engineering, humanities, policy and science.",Homepage -     CMU - Carnegie Mellon University
165,Education,https://ubc.ca,"The University of British Columbia is a global centre for research and teaching, consistently ranked among the top 20 public universities in the world.",The University of British Columbia
166,Education,https://ucr.edu,,"home | University of California, Riverside"
167,Education,https://english-test.net,,"Free English Tests for ESL/EFL, TOEFLÔøΩ, TOEICÔøΩ, SATÔøΩ, GREÔøΩ, GMATÔøΩ"
168,Education,https://flvs.net,"FLVS (Florida Virtual School) is an accredited, public, e-learning school serving students in grades K-12 online - in Florida and all over the world.",FLVS - Florida Virtual School | Grades K-12 Online
169,Education,https://uwaterloo.ca,"With more than 42,000+ students attending annually, Waterloo is #1 in Canada for experiential learning and employer-student connections.",Home | University of Waterloo | University of Waterloo
170,Education,https://sfsu.edu,"Official site of San Francisco State University, a public urban university with a conscience located in one of the world's most vibrant and beautiful cities. Begin your college search here for world-class undergraduate study, graduate study, scholarly research and community service learning.",San Francisco State University
171,Education,https://mathxl.com,,MathXL | Pearson
172,Education,https://alison.com,error,error
173,Education,https://cprogramming.com,,Learn C and C++ Programming - Cprogramming.com
174,Education,https://hbs.edu,error,error
175,Education,https://utah.gov,The Official Website of the State of Utah,Home | Utah.gov
176,Education,https://buffalo.edu,"Explore New York's No. 1 public university. The University at Buffalo, a flagship institution, combines superior academics with true affordability.",Welcome to the University at Buffalo - University at Buffalo
177,Education,https://iastate.edu,Iowa State University is the nation's most student-centered public research university. 100 majors. 800 clubs. 1 amazing adventure.,Iowa State University
178,Education,https://colostate.edu,error,error
179,Education,https://angellearning.com,error,error
180,Education,https://ucl.ac.uk,UCL is consistently ranked as one of the top ten universities in the world (QS World University Rankings 2010-2022) and is No.2 in the UK for research power (Research Excellence Framework 2021).,UCL - London's Global University
181,Education,https://bukisa.com,Powered by BeatsMedia CMS.,Bukisa - Life and Style News
182,Education,https://englishforums.com,"This year, the Internet's largest English language community goes blockchain. Learn and perfect your English... and earn crypto-tokens",English Forward The internet's largest learn english community. Now on blockchain
183,Education,https://webassign.net,WebAssign is an online education platform built by educators that provides affordable tools to empower conÔ¨Ådent students in a virtual learning environment.,WebAssign
184,Education,https://cengage.com,,"Cengage Asia: Higher Education, Digital Learning, Chinese Learning"
185,Education,https://venture-lab.org,,Venture Lab
186,Education,https://learn4good.com,error,error
187,Education,https://coursecompass.com,error,error
188,Education,https://cambridge.org,"We unlock the potential of millions of people. Our qualiÔ¨Åcations, assessments, academic publications and original research spread knowledge and spark enquiry.",Home | Cambridge University Press & Assessment
189,Education,https://iu.edu,"One of America‚Äôs leading research universities, Indiana University has campuses and medical centers located across Indiana. Our work improves lives. Our impact is global. Our vision is excellence.",Indiana University
190,Education,https://tes.co.uk,Tes is dedicated to supporting the world‚Äôs teachers. Our mission is to enable great teaching by helping educators to find the tools and technology they need to excel and by supporting them throughout their career and professional development.,"Tes - Education Jobs, Teaching Resources, School Software & Magazine"
191,Education,https://vdict.com,,VDict - Vietnamese Dictionary
192,Education,https://ucsc.edu,A world-class public research institution comprised of ten residential college communities nestled in the redwood forests and meadows overlooking central California's Monterey Bay.,"University of California, Santa Cruz"
193,Education,https://nus.edu.sg,National University of Singapore is ranked consistently as one of the world's top universities. We offer the most extensive college degree courses in Singapore.,NUS - National University of Singapore
194,Education,https://ecollege.com,error,error
195,Education,https://englishtown.com,error,error
196,Education,https://capella.edu,"Capella University is an accredited online university offering PhD, professional doctorate, master‚Äôs and bachelor‚Äôs programs for adults seeking to advance their career.",Capella University | Online Degrees from an Accredited University
197,Education,https://faqs.org,error,error
198,Education,https://ualberta.ca,"The University of Alberta is a Top 5 Canadian university located in Edmonton, Alberta, and home to 40,000 students in a wide variety of programs.",University of Alberta
199,Education,https://schoolloop.com,,~School Loop Inc.
200,Education,https://unsw.edu.au,UNSW is ranked 2nd in Australia and 27th in the world for Graduate Employability. Browse our range of study options and find the perfect one for you.,UNSW Sydney | One of the best universities in Australia
201,Education,https://byu.edu,"The official website of Brigham Young University | Provo, UT",Home - BYU
202,Education,https://uiuc.edu,"Information for students, alumni, and parents from Illinois flagship public university, a world leader in research, teaching, and public engagement.",Home | University of Illinois Urbana-Champaign
203,Education,https://alaska.edu,,UA System | University of Alaska System
204,Education,https://uic.edu,"Located in the heart of one of the world‚Äôs great cities, the University of Illinois Chicago is a vital part of the educational, technological and cultural fabric of the region. As Chicago‚Äôs only public research university with more than 33,000 students, 16 colleges, a hospital and a health sciences system, UIC provides students access to excellence and opportunity.",University of Illinois Chicago
205,Education,https://manchester.ac.uk,"Part of the prestigious Russell Group of universities, The University of Manchester is the largest single-site university in the UK, with the biggest student community.",The University of Manchester
206,Education,https://linguee.com,"English Dictionary and Translation Search with 1,000,000,000 example sentences from human translators. Languages: English, German, French, Spanish, and Portuguese","Linguee | Dictionary for German, French, Spanish, and more"
207,Education,https://onthehub.com,"Download the latest software with academic discounts from OnTheHub. Save on Microsoft, Adobe, SPSS, Parallels & more as a student, faculty or staff member.","Save up to 95% with Academic Software Discounts for Students, Faculty, and Staff | OnTheHub"
208,Education,https://oup.com,home,Oxford University Press - homepage
209,Education,https://thestudentroom.co.uk,"The UK's biggest student community. Boost your grades, learn with free study tools, find your perfect uni place & get answers to any question on the forums.",The Student Room
210,Education,https://pearsoned.com,"Offering educational products and services, assessment, and professional development for all stages of learning. Learn more.",Pearson | The world's learning company | US
211,Education,https://eslcafe.com,"Since 1995 Dave's ESL Cafe has been a meeting place for ESL/EFL students & teachers from around the world -  jobs,  a resume database, forums,  resources, & more!",Home Page -  ESL
212,Education,https://bab.la,error,error
213,Education,https://studymode.com,"Find A+ essays, research papers, book notes, course notes and writing tips. Millions of students use StudyMode to jumpstart their assignments.",Free Essay Examples and Research Papers | StudyMode
214,Education,https://monash.edu.au,Monash University is one of Australia‚Äôs leading universities and ranks among the world‚Äôs top 100. We help change lives through research and education. Learn more.,Monash University - one of the top universities in Australia
215,Education,https://tradepub.com,"#1 Resource for Free Professional and Technical Research, White Papers, Case Studies, Magazines, and eBooks","Free Professional and Technical Research Library of White Papers, Magazines, Reports, and eBooks"
216,Education,https://worddictionary.co.uk,error,error
217,Education,https://usg.edu,,University System of Georgia
218,Education,https://indiastudychannel.com,"IndiaStudyChannel.com is the best education portal and college admissions website in India providing admission guidance, comprehensive information on study abroad programs, courses in India, directory of Indian universities, colleges and schools.","Study in India: Admissions to Top Colleges - MBA, MCA, MBBS, B Tech, BBA"
219,Education,https://glosbe.com,error,error
220,Education,https://bharatstudent.com,error,error
221,Cars,https://mapquest.com,"Official MapQuest website, find driving directions, maps, live traffic updates and road conditions.  Find nearby businesses, restaurants and hotels. Explore!","Official MapQuest - Maps, Driving Directions, Live Traffic"
222,Cars,https://autotrader.com,,Autotrader - page unavailable
223,Cars,https://cars.com,"Shop new & used cars, research & compare models, find local dealers/sellers,calculate payments, value your car, sell/trade in your car & more at Cars.com.","New Cars, Used Cars, Car Dealers, Prices & Reviews | Cars.com"
224,Cars,https://kbb.com,error,error
225,Cars,https://ford.com,"Ford¬Æ is Built for America. Discover the latest lineup in new Ford vehicles! Explore hybrid & electric vehicle options, see photos, build & price, search inventory, view pricing & incentives & see the latest technology & news happening at Ford.","Ford¬Æ - New Hybrid & Electric Vehicles, SUVs, Crossovers, Trucks, Vans & Cars"
226,Cars,https://edmunds.com,error,error
227,Cars,https://jalopnik.com,Drive free or die.,Jalopnik
228,Cars,https://statefarm.com,error,error
229,Cars,https://carfax.com,error,error
230,Cars,https://autoblog.com,"Autoblog brings you car news; expert reviews of cars, trucks, crossovers and SUVs; and pictures and video. Research and compare vehicles, find local dealers, calculate loan payments, find your car's book value and get a service estimate at Autoblog.com.","New Cars, Used Cars for Sale, Car Reviews and Car News"
231,Cars,https://carid.com,Car Accessories and replacement Auto Parts that define your vehicle's true identity. Check out our automotive aftermarket selection for the ride of your life!,"CARiD.com - Auto Parts & Accessories | Car, Truck, SUV, Jeep"
232,Cars,https://progressive.com,error,error
233,Cars,https://geico.com,error,error
234,Cars,https://honda.com,Explore an innovative line of quality products from American Honda Motor Company. Find the latest news and information on Honda and Acura brand products.,"American Honda Motor Co., Inc. - Official Site"
235,Cars,https://toyota.com,"Explore the newest Toyota trucks, cars, SUVs, hybrids and minivans. See photos, compare models, get tips, calculate payments, and more.","New Cars, Trucks, SUVs & Hybrids | Toyota Official Site"
236,Cars,https://chevrolet.com,"Official Chevrolet site: see Chevy cars, trucks, crossovers &amp; SUVs - see photos/videos, find vehicles, compare competitors, build your own Chevy &amp; more.","Chevrolet Cars, Trucks, SUVs, Crossovers and Vans"
237,Cars,https://uhaul.com,error,error
238,Cars,https://allstate.com,"Get auto insurance quotes at Allstate.com. You're In Good Hands With Allstate. Allstate also offers insurance for your home, motorcycle, RV, as well as financial products such as permanent and term life insurance.",Allstate Insurance Company | You're in good hands
239,Cars,https://tirerack.com,error,error
240,Cars,https://summitracing.com,,
241,Cars,https://netcarshow.com,The latest car news as well as a look at the automotive past with the best car pictures and wallpapers.,Cars - All Makes. All Models. - NetCarShow.com
242,Cars,https://topgear.com,error,error
243,Cars,https://carmax.com,error,error
244,Cars,https://advanceautoparts.com,,Advance Auto Parts  - Down for Maintenance
245,Cars,https://cargurus.com,Unbiased car reviews and over a million opinions and photos from real people. Use CarGurus to find the best used car deals.,"Buy & Sell Cars: Reviews, Prices, and Financing - CarGurus"
246,Cars,https://autopartswarehouse.com,error,error
247,Cars,https://crutchfield.com,"Since 1974 we've provided Legendary Service to consumer electronics shoppers. Get FREE 2-day shipping, one-on-one advice, along with free lifetime tech support.","Crutchfield: Car Stereo and Audio, Speakers, Home Theater, Pro Audio, TVs"
248,Cars,https://bmwusa.com,error,error
249,Cars,https://caranddriver.com,"Covering the automotive industry since 1955 with in-depth reviews and analysis, features, auto show reporting, and advice for car owners and buyers.","Car and Driver: New Car Reviews, Buying Advice and News"
250,Cars,https://nissanusa.com,"Shop online for the newest Nissan cars, trucks, crossovers, SUVs and electric vehicles. Explore offers, compare models, calculate payments and more.","New Cars, SUVs, Trucks & Electric Vehicles | Nissan USA"
251,Cars,https://autozone.com,error,error
252,Cars,https://motortrend.com,"Trust MotorTrend for the best car reviews, news, car rankings, and much more. With more than 70 years of experience, we're your home for everything automotive.",MotorTrend: New Cars - Car News and Expert Reviews
253,Cars,https://jcwhitney.com,,"CarParts.com ‚Äì Right Parts, Guaranteed"
254,Cars,https://nadaguides.com,"Research the latest new car prices, deals, used car values, specs and more. NADA Guides is the leader in accurate vehicle pricing and vehicle information.",New Car Prices and Used Car Book Values - NADAguides
255,Cars,https://autosport.com,"Daily Formula 1 and motorsport news from the leading weekly motor racing magazine. The authority on Formula One, F1, MotoGP, WRC, IndyCar, F2, WEC, Le Mans, NASCAR and more","Autosport - Formula 1, MotoGP and motorsport news & standings"
256,Cars,https://bose.com,"The official Bose website. Learn about innovative solutions to help you feel more, do more and be more. Shop for headphones, speakers, wearables and wellness products.","Bose | Headphones, Speakers, Wearables"
257,Cars,https://yamaha.com,error,error
258,Cars,https://vw.com,"Find your new German-Engineered VW today. Customize your own VW model, engine, colors, and features - all based on your budget. Come see what's new.",VW.com | Official Home of Volkswagen Cars & SUVs
259,Cars,https://hertz.com,,
260,Cars,https://autoanything.com,error,error
261,Cars,https://harley-davidson.com,"Situs resmi Harley-Davidson Motor Company. Lihat motor Harley terbaru, cari dealer, & telusuri komponen dan perlengkapan motor.",Harley-Davidson Indonesia
262,Cars,https://hyundaiusa.com,error,error
263,Cars,https://topspeed.com,"Topspeed offers daily industry news and reviews on cars, trucks, motorcycles, boats and airplanes.","Car News And Reviews, Videos, Wallpapers, Pictures, Free Online Games And More | Top Speed"
264,Cars,https://enterprise.com,,
265,Cars,https://dmv.org,"DMV.ORG makes understanding the Department of Motor Vehicles simple. Get quick access to DMV locations & hours, appointments, renewals, forms, practice tests & more.",The DMV Made Simple - DMV.ORG
266,Cars,https://oreillyauto.com,"Check out a variety of auto parts, supplies, and accessories for cars, trucks, and SUVs, as well as boats, trailers, ATVs, and lawn and garden equipment. Find an O'Reilly Auto Parts store near you, learn about store services, and view our current ad, coupons, and promotions. Get free shipping on orders $35.00+ and free in-store pickup for online orders.","O'Reilly Auto Parts | Auto Parts, Batteries & Stores Near You"
267,Cars,https://dot.gov,error,error
268,Cars,https://mbusa.com,"Mercedes-Benz combines luxury with performance across the full line of models including luxury sedans, SUVs, coupes, roadsters, convertibles & more.","Luxury Cars - Sedans, SUVs, Coupes & Wagons | Mercedes-Benz USA"
269,Cars,https://copart.com,error,error
270,Cars,https://worldcarfans.com,error,error
271,Cars,https://discounttire.com,error,error
272,Cars,https://pistonheads.com,"The UK's biggest motoring forum, plus the best selection of cars for sale with car news and features. PistonHeads is where speed matters.",PistonHeads UK | Cars for Sale | Car News | Motoring Forum
273,Cars,https://autocar.co.uk,"Car news, reviews, opinion and features from Autocar - the world's oldest car publication bringing you everything automotive since 1895",Autocar | Car News and Car Reviews
274,Cars,https://libertymutual.com,"Get your free insurance quote online from Liberty Mutual. Bundle your policies to save on auto, renters, home, motorcycle and more.",Customize your insurance coverage | Liberty Mutual
275,Cars,https://carsforsale.com,error,error
276,Cars,https://ovi.com,error,error
277,Cars,https://vwvortex.com,error,error
278,Cars,https://thecarconnection.com,"Get the inside scoop on new cars: car reviews, car photos, test drive results, technical specs and more. Comprehensive car reviews from auto experts. Get expert opinions from new car test drives. Find cool cars and get inside exclusives on hot concept cars, spy shots with auto show blogging coverage and daily automotive industry news.","New Cars, Car Reviews, Car Shows, Car Photos - The Car Connection"
279,Cars,https://budget.com,,
280,Cars,https://rentalcars.com,error,error
281,Cars,https://tvcmatrix.com,error,error
282,Science,https://nasa.gov,error,error
283,Science,https://redbullstratos.com,error,error
284,Science,https://wolframalpha.com,"Compute answers using Wolfram's breakthrough technology & knowledgebase, relied on by millions of students & professionals. For math, science, nutrition, history, geography, engineering, mathematics, linguistics, sports, finance, music‚Ä¶",Wolfram|Alpha: Computational Intelligence
285,Science,https://sciencedaily.com,error,error
286,Science,https://usgs.gov,"We provide science about the natural hazards that threaten lives and livelihoods; the water, energy, minerals, and other natural resources we rely on; the health of our ecosystems and environment; and the impacts of climate and land-use change. Our scientists develop new methods and tools to supply timely, relevant, and useful information about the Earth and its processes.",USGS.gov | Science for a changing world
287,Science,https://space.com,"Get the latest space exploration, innovation and astronomy news. Space.com celebrates humanity's ongoing expansion across the final frontier.","Space.com: NASA, Space Exploration and Astronomy News"
288,Science,https://easybib.com,"Automatic works cited and bibliography formatting for MLA, APA and Chicago/Turabian citation styles. Now supports 7th edition of MLA.","EasyBib¬Æ: Free Bibliography Generator - MLA, APA, Chicago citation styles"
289,Science,https://phys.org,error,error
290,Science,https://livescience.com,"Live Science features groundbreaking developments in science, space, technology, health, the environment, our culture and history.","Live Science: The Most Interesting Articles, Mysteries & Discoveries"
291,Science,https://nature.com,"First published in 1869, Nature is the world‚Äôs leading multidisciplinary science journal. Nature publishes the finest peer-reviewed research that drives ground-breaking discovery, and is read by thought-leaders and decision-makers around the world.",Nature
292,Science,https://scientificamerican.com,error,error
293,Science,https://academia.edu,Academia.edu is a place to share and follow research.,Academia.edu - Share research
294,Science,https://nobelprize.org,,The official website of the Nobel Prize - NobelPrize.org
295,Science,https://jstor.org,error,error
296,Science,https://newscientist.com,Science news and science articles from New Scientist,New Scientist | Science news and science articles from New Scientist
297,Science,https://popsci.com,"Awe-inspiring science reporting, technology news, and DIY projects. Skunks to space robots, primates to climates. That's Popular Science, 145 years strong.",Popular Science Homepage | Popular Science
298,Science,https://sciencemag.org,"Science/AAAS peer-reviewed journals deliver impactful research, daily news, expert commentary, and career resources.",Science | AAAS
299,Science,https://arxiv.org,,arXiv.org e-Print archive
300,Science,https://wolfram.com,"Wolfram, creators of the Wolfram Language, Wolfram|Alpha, Mathematica, Development Platform, Data Science Platform, Finance Platform, SystemModeler...",Wolfram: Computation Meets Knowledge
301,Science,https://physicsforums.com,Join the top physics and STEM forum community. Find experts debating the latest physics research. Request homework help for all sciences and math.,"Physics Forums | Science Articles, Homework Help, Discussion"
302,Science,https://acm.org,error,error
303,Science,https://discovermagazine.com,"Discover satisfies everyday curiosity with relevant and approachable science news, feature articles, photos and more.",Discover Magazine
304,Science,https://geeksaresexy.net,"Tech, science, cosplay and news by geeks, for geeks! We make technology sexy!","Geeks are Sexy Technology NewsGeeks are Sexy Technology News | Tech, science, cosplay and news by geeks, for geeks! We make technology sexy!"
305,Science,https://researchgate.net,Access 130+ million publications and connect with 20+ million researchers. Join for free and gain visibility by uploading your research.,ResearchGate | Find and share research
306,Science,https://ieee.org,IEEE is the world's largest technical professional organization dedicated to advancing technology for the benefit of humanity.,IEEE - The world's largest technical professional organization dedicated to advancing technology for the benefit of humanity.
307,Science,https://redorbit.com,"The latest in science, space, health, and technology",Home - Redorbit
308,Science,https://mathworks.com,"MathWorks develops, sells, and supports MATLAB and Simulink products.",MathWorks - Makers of MATLAB and Simulink - MATLAB & Simulink
309,Science,https://ssrn.com,error,error
310,Science,https://citeulike.org,"Discover the top real money gambling sites. Ratings & reviews for players of online casinos and games, lottery, bingo, online poker, sports betting & esports.",Gambling Sites for Real Money: Best Online Gamble Sites 2022
311,Science,https://bibsonomy.org,The blue social bookmark and publication sharing system.,BibSonomy
312,Science,https://acs.org,"ACS is one of the world‚Äôs largest scientific societies and the premier home of chemistry professionals. Find career opportunities, educational resources and more.",American Chemical Society
313,Technology,https://apple.com,"Discover the innovative world of Apple and shop everything iPhone, iPad, Apple Watch, Mac, and Apple TV, plus explore accessories, entertainment, and expert device support.",Apple
314,Technology,https://cnet.com,"Get full-length product reviews, the latest news, tech coverage, daily deals, and category deep dives from CNET experts worldwide.","Product reviews, advice, how-tos and the latest news - CNET"
315,Technology,https://gizmodo.com,We come from the future.,Gizmodo | Tech. Science. Culture.
316,Technology,https://wired.com,"We bring you the future as it happens. From the latest in science and technology to the big stories in business and culture, we've got you covered.","WIRED - The Latest in Technology, Science, Culture and Business | WIRED"
317,Technology,https://lifehacker.com,Lifehacker is the ultimate authority on optimizing every aspect of your life. Do everything better.,Lifehacker | Do everything better
318,Technology,https://mashable.com,"Mashable is a global, multi-platform media and entertainment company.",Mashable
319,Technology,https://engadget.com,"Find the latest technology news and expert tech product reviews. Learn about the latest gadgets and consumer tech products for entertainment, gaming, lifestyle and more.",Engadget | Technology News & Reviews
320,Technology,https://tigerdirect.com,error,error
321,Technology,https://pcmag.com,"PCMag is your complete guide to computers, peripherals and upgrades. We test and review tech products and services, report technology news and trends, and provide shopping advice with price comparisons.","The Latest Technology Product Reviews, News, Tips, and Deals | PCMag"
322,Technology,https://macrumors.com,Apple News and Rumors,MacRumors: Apple News and Rumors
323,Technology,https://io9.com,We come from the future.,io9 | Gizmodo
324,Technology,https://zdnet.com,ZDNet news and advice keep professionals prepared to embrace innovation and ready to build a better future.,"Technology News, Analysis, Comments and Product Reviews for IT Professionals | ZDNet"
325,Technology,https://makeuseof.com,error,error
326,Technology,https://arstechnica.com,"Serving the Technologist for more than a decade. IT news, reviews, and analysis.",Ars Technica
327,Technology,https://boingboing.net,Brain Candy for Happy Mutants!,Boing Boing | A directory of mostly wonderful things
328,Technology,https://xda-developers.com,,XDA Portal & Forums
329,Technology,https://tomshardware.com,"Tom's Hardware helps you buy the best hardware and build the best PC to play, create and work..",Tom's Hardware: For The Hardcore PC Enthusiast
330,Technology,https://samsung.com,"Samsung Store Indonesia membantu Anda menemukan jajaran produk elektronik dengan teknologi terkini termasuk smartphone, tablet, TV, peralatan rumah tangga.",Samsung Indonesia | Mobile | TV | Home Appliances
331,Technology,https://theverge.com,"The Verge was founded in 2011 in partnership with Vox Media, and covers the intersection of technology, science, art, and culture. Its mission is to offer in-depth reporting and long-form feature stories, breaking news coverage, product information, and community content in a unified and cohesive manner. The site is powered by Vox Media's Chorus platform, a modern media stack built for web-native news in the 21st century.",The Verge
332,Technology,https://slashdot.org,"Slashdot: News for nerds, stuff that matters. Timely news source for technology related news with a heavy slant towards Linux and Open Source issues.","Slashdot: News for nerds, stuff that matters"
333,Technology,https://thenextweb.com,"We inform, inspire, and connect people who love tech",TNW | The heart of tech
334,Technology,https://androidcentral.com,"Your buyer‚Äôs guide for the best Android phones, deals, news, and reviews! Android Central covers smartphones, watches, tablets, ChromeOS devices, Google Home, and all compatible peripherals in this smart world we're living in. Read all this and more on Android Central.","Android Central - News, Reviews, Deals & Help on all Android devices"
335,Technology,https://pcworld.com,PCWorld helps you navigate the PC ecosystem to find the products you want and the advice you need to get the job done.,PCWorld
336,Technology,https://macworld.com,"Macworld is your ultimate guide to Apple's product universe, explaining what's new, what's best and how to make the most out of the products you love.","Macworld - News, Tips & Reviews from the Apple Experts"
337,Technology,https://digitaltrends.com,"Digital Trends offers the latest coverage on all things tech with in-depth product reviews, videos, news, and the best deals happening now.","Digital Trends | Tech News, Reviews, Deals, and How-To's"
338,Technology,https://tuaw.com,error,error
339,Technology,https://android.com,"Find the latest and greatest on the world‚Äôs most powerful mobile platform. Browse devices, explore resources and learn about the latest updates.",Android | The platform pushing what‚Äôs possible
340,Technology,https://anandtech.com,"News and reviews of PC components, smartphones, tablets, pre-built desktops, notebooks, Macs and enterprise/cloud computing technologies.",AnandTech: Hardware News and Tech Reviews Since 1997
341,Technology,https://cisco.com,"Cisco delivers innovative software-defined networking, cloud, and security solutions to help transform your business, empowering an inclusive future for all.","Cisco - Networking, Cloud, and Cybersecurity Solutions"
342,Technology,https://zagg.com,"ZAGG Brands creates tech accessories that fit your lifestyle‚Äîscreen protection, tablet and iPad keyboards, mophie battery cases, external power banks, protective smartphone and iPhone cases, Bluetooth headphones, Bluetooth speakers, and more. Free shipping where available.","Shop ZAGG.com for mobile accessories from our industry-leading brands‚Äîmophie, InvisibleShield, ZAGG, BRAVEN, IFROGZ, Gear4 and more."
343,Technology,https://ifixit.com,"iFixit is a global community of people helping each other repair things. Let's fix the world, one device at a time. Troubleshoot with experts in the Answers forum‚Äîand build your own how-to guides to share with the world. Fix your Apple and Android devices‚Äîand buy all the parts and tools needed for your DIY repair projects.",iFixit: The Free Repair Manual
344,Technology,https://ycombinator.com,Y Combinator created a new model for funding early stage startups. Twice a year we invest in a large number of startups.,Y Combinator
345,Technology,https://gigaom.com,error,error
346,Technology,https://sony.com,"Learn about Sony Group Corporation's Businesses and Products; our initiatives in Technology, Sustainability, and Design; and recent Press Releases, Career opportunities, and Investor Relations info.",Sony Group Portal - Sony Group Corporation Website
347,Technology,https://crunchbase.com,error,error
348,Technology,https://techrepublic.com,"Providing IT professionals with a unique blend of original content, peer-to-peer advice from the largest community of IT leaders on the Web.","TechRepublic: News, Tips & Advice for Technology Professionals"
349,Technology,https://gsmarena.com,GSMArena.com - The ultimate resource for GSM handset information,"GSMArena.com - mobile phone reviews, news, specifications and more..."
350,Technology,https://techsupportalert.com,The best of Gizmo's Freeware,Gizmo's Best - The best of Gizmo's Freeware
351,Technology,https://venturebeat.com,VentureBeat is the leader in covering transformative tech. We help business leaders make smarter decisions with our industry-leading AI and gaming coverage.,VentureBeat | Transformative tech coverage that matters
352,Technology,https://appleinsider.com,"For Apple News, Rumors, Reviews, Prices, and Deals, trust AppleInsider. Serving Apple product enthusiasts since 1997.","Apple News, Rumors, Reviews, Prices & Deals | AppleInsider"
353,Technology,https://allthingsd.com,"Find the latest Wall Street Journal stories on tech companies, start-ups and personal technology, plus the latest reviews.",Tech News & Analysis - Wall Street Journal
354,Technology,https://phonegap.com,,
355,Technology,https://androidforums.com,"Android Forums is the first and largest community dedicated to Android Phones, Android Tablets, Android Wear, Android Auto, and more.",Android Forums
356,Technology,https://makezine.com,error,error
357,Technology,https://raspberrypi.org,"The Raspberry Pi is a tiny and affordable computer that you can use to learn programming through fun, practical projects. Join the global Raspberry Pi community.","Teach, Learn, and Make with Raspberry Pi"
358,Technology,https://theregister.co.uk,error,error
359,Technology,https://readwriteweb.com,error,error
360,Technology,https://portableapps.com,,"PortableApps.com - Portable software for USB, portable, and cloud drives"
361,Technology,https://technologyreview.com,,MIT Technology Review
362,Technology,https://cultofmac.com,,Cult of Mac | Tech and culture through an Apple lens
363,Technology,https://appshopper.com,,TouchArcade ‚Äì iPhone and iPad Games
364,Technology,https://techradar.com,"The latest technology news and reviews, covering computing, home entertainment systems, gadgets and more",TechRadar | The source for tech buying advice
365,Technology,https://9to5mac.com,"News and reviews for Apple products, apps, and rumors. We provide breaking coverage for the iPhone, iPad, and all things Mac!",9to5Mac - Apple News & Mac Rumors Breaking All Day
366,Technology,https://neowin.net,"News, Reviews & Betas which includes large community peer support",Neowin - Where unprofessional journalism looks better
367,Technology,https://squareup.com,Square helps millions of sellers run their business-from secure credit card processing to point of sale solutions. Get paid faster with Square. Sign up today!,"Square | Solutions For Your Small, Medium & Large Business"
368,Technology,https://computerworld.com,"Computerworld covers a range of technology topics, with a focus on these core areas of IT: Windows, Mobile, Apple/enterprise, Office and productivity suites, collaboration, web browsers and blockchain, as well as relevant information about companies such as Microsoft, Apple and Google.","IT news, careers, business technology, reviews | Computerworld"
369,Technology,https://geek.com,error,error
370,Technology,https://otterbox.com,OtterBox designs protective and stylish phone cases as well as the best premium coolers and accessories. Shop now and see how OtterBox enables your everyday.,"OtterBox | Cases, Accessories & Outdoor Gear"
371,Technology,https://techmeme.com,The essential tech news of the moment. Technology's news site of record. Not for dummies.,Techmeme
372,Technology,https://hackaday.com,Fresh hacks every day,Hackaday | Fresh Hacks Every Day
373,Technology,https://geeks.com,,Home page - Geeks
374,Technology,https://webpronews.com,"Breaking business news covering marketing, I.T., ecommerce & emerging trends like electric vehicles, solar energy, financial tech & space.","WebProNews - Digital Marketing, Technology, and Business News"
375,Technology,https://retrevo.com,error,error
376,Technology,https://intel.com,"Intel's innovation in cloud computing, data center, Internet of Things, and PC solutions is powering the smart and connected digital world we live in.","Intel | Data Center Solutions, IoT, and PC Innovation"
377,Technology,https://phonearena.com,"PhoneArena is the premium website for new phone information such as full specifications, in-depth reviews, latest news, carrier available and upcoming phones. It features advanced phone filter, visual size comparison and 360 degree views of all hot phones.","PhoneArena - Phone News, Reviews and Specs"
378,Technology,https://logitech.com,Beli online sekarang! Temukan pilihan jajaran Produk Logitech terbesar. Toko Online Resmi dengan penawaran eksklusif. Jaminan uang kembali. Berlangganan buletin kami.,"Logitech: Wireless Mouse, Keyboard, Headset, &amp; Konferensi Video"
379,Technology,https://popularmechanics.com,"Popular Mechanics inspires, instructs and influences readers to help them master the modern world, whether it's practical DIY home-improvement tips, gadgets and digital technology, information on the newest cars or the latest breakthroughs in science.","Popular Mechanics - Product Reviews, How-To, Space, Military, Math, Science, and New Technology"
380,Technology,https://mobile9.com,,"Are you human, bot or alien? | mobile9"
381,Technology,https://androidpolice.com,error,error
382,Technology,https://itworld.com,"Find the peer insights and expert advice IT leaders need to create business value with technology, drive innovation and develop their careers.",CIO.com - The voice of IT leadership
383,Technology,https://ghacks.net,,Homepage | gHacks Technology News
384,Technology,https://extremetech.com,"ExtremeTech - ExtremeTech is the Web's top destination for news and analysis of emerging science and technology trends, and important software, hardware, and gadgets.","ExtremeTech - ExtremeTech is the Web's top destination for news and analysis of emerging science and technology trends, and important software, hardware, and gadgets."
385,Technology,https://imore.com,"The ultimate source for iPhone, iPad, Mac, and Apple Watch content. Never miss out on news, deals, reviews, or how-tos! Learn about the products your love, and never worry about buyer's remorse with our buying guides. All this and more on iMore. - Learn More. Be More.","iMore - Apple News, Reviews, Deals, & Help | Learn more. Be more."
386,Technology,https://ilounge.com,"iLounge is an independent provider of information about Apple Inc.'s iPod, iPhone and iPad digital media players, accessories, and related software.","iLounge - All things iPod, iPhone, iPad and Beyond"
387,Technology,https://notebookreview.com,error,error
388,Technology,https://phandroid.com,"The world's first Android News Source, Phandroid.com covers Android news, reviews, and tips to help you get the most out of your smartphone or tablet.",Phandroid
389,Technology,https://cio.com,"Find the peer insights and expert advice IT leaders need to create business value with technology, drive innovation and develop their careers.",CIO.com - The voice of IT leadership
390,Technology,https://asus.com,error,error
391,Technology,https://osxdaily.com,"News, tips, software, reviews, and more for Mac OS X, iPhone, iPad","OS X Daily - News and Tips for Mac, iPhone, iPad, and Everything Apple"
392,Technology,https://labnol.org,"Tech, a la carte","Digital Inspiration - Tech Tips, Tutorials & How-to Guides"
393,Technology,https://informationweek.com,"InformationWeek.com: News analysis and commentary on information technology trends, including cloud computing, DevOps, data analytics, IT leadership, cybersecurity, and IT infrastructure.","InformationWeek, serving the information needs of the Business Technology Community"
394,Technology,https://cyanogenmod.com,error,error
395,Technology,https://komando.com,error,error
396,Technology,https://crucial.com,"Find compatible DRAM memory and SSD upgrades for your PC or Laptop with our Crucial Advisor tool or Crucial System Scanner, with FREE US delivery!","Crucial US | DRAM, Solid State Drive (SSD) & Memory Upgrades"
397,Technology,https://techspot.com,"Technology news, reviews, and analysis for power users, enthusiasts, IT professionals and PC gamers.",TechSpot
398,Technology,https://crackberry.com,"The #1 community and resource for all things BlackBerry: news, reviews, help & how to, apps, games, accessories & more!",CrackBerry | The #1 Site for BlackBerry Users (and Abusers!)
399,Technology,https://sevenforums.com,error,error
400,Technology,https://htc.com,,HTC SUPPORT
401,Technology,https://techdirt.com,error,error
402,Technology,https://infoworld.com,"Business technology, IT news, product reviews and enterprise IT strategies.",InfoWorld - Technology insight for the enterprise
403,Technology,https://androidandme.com,error,error
404,Technology,https://iobit.com,error,error
405,Technology,https://macsales.com,"Upgrade the RAM and storage of nearly any Apple computer at MacSales.com. We also provide refurbished Macs, external storage, docks, accessories, and more!","Apple Mac Upgrades - RAM, SSD Flash, External Drives and More"
406,Technology,https://slashgear.com,"SlashGear covers technology, science, automotive, gaming, and entertainment, bringing thought-provoking and independent insight since 2005",SlashGear
407,Technology,https://bgr.com,"BGR features the latest tech news and product reviews, top-rated buying guides, entertainment, science, and lifestyle coverage.","BGR ‚Äì Tech News, Reviews, & Top-Rated Buying Guides"
408,Technology,https://appbrain.com,"Grow your app business with AppBrain: Monetize, advertise and analyze Android apps","Monetize, advertise and analyze Android apps | AppBrain.com"
409,Technology,https://pocket-lint.com,"Welcome to Pocket-lint, for the latest electronic product reviews, including news on gadgets, digital cameras, home cinema, audio, cars and mobile phone.","Pocket-lint - Gadget Reviews, Product News, Electronic Gadgets"
410,Technology,https://addictivetips.com,error,error
411,Technology,https://geforce.com,"The world's most advanced graphics cards, gaming solutions, and gaming technology - from NVIDIA GeForce.","GeForce.com Official Site: RTX Graphics Cards, VR, Gaming, Laptops"
412,Technology,https://eweek.com,error,error
413,Technology,https://techpowerup.com,"Leading tech publication, with fast news, thorough reviews, and a strong community.",TechPowerUp
414,Technology,https://networkworld.com,"Network news, trend analysis, product testing and the industry‚Äôs most important blogs,  all collected at the most popular network watering hole on the Internet | Network World",Welcome to Network World.com
415,Technology,https://maximumpc.com,error,error
416,Technology,https://wirefly.com,"Compare cell phone plans, deals, smartphones, Internet providers, TV service, business and residential phone service, and more to save money at Wirefly.","Wirefly | Cell Phone Deals, Compare Cell Phones & Plans"
417,Technology,https://howardforums.com,Discuss your favorite mobile phone carriers and cell phone manufacturers,HowardForums: Your Mobile Phone Community & Resource
418,Technology,https://killerstartups.com,Where Internet Entrepreneurs Are The Stars,KillerStartups.com ‚Äì Where Internet Entrepreneurs Are The Stars
419,Technology,https://radioshack.com,"The Shack Is Back! Shop Radios, Headphones, TV Antennas, Cables & Adapters, DIY Tools & Parts, Electronics Maker Kits, and much more brand new arrivals daily! Don't forget to visit any of our 450+ RadioShack locations across America!",RadioShack.com Official Site - America's Technology Store
420,Technology,https://windowsphone.com,error,error
421,Technology,https://nokia.com,"As a technology leader across mobile, fixed and cloud networks, our solutions enable a more productive, sustainable and inclusive world.",Nokia Corporation
422,Technology,https://digikey.com,"Digi-Key offers 13.4M +  products from 2,300+ manufacturers. Large in-stock quantities able to ship same day. Paypal accepted, order online today!",DigiKey Electronics - Electronic Components Distributor
423,Technology,https://idownloadblog.com,"The best Apple blog providing news, reviews, tutorials, and jailbreak info, about everything iPhone, iPad, Apple Watch, Apple TV, Mac and iOS.",iDownloadBlog ‚Äì Apple Blog: iPhone ‚Ä¢ Watch ‚Ä¢ iOS ‚Ä¢ Mac
424,Technology,https://betanews.com,BetaNews is a leading source of technology news and analysis,Technology News and Analysis - BetaNews
425,Technology,https://bleepingcomputer.com,error,error
426,Technology,https://maclife.com,error,error
427,Technology,https://androidzoom.com,error,error
428,Technology,https://brighthub.com,error,error
429,Technology,https://afterdawn.com,"Latest technology news, how-to guides, product reviews and software downloads.","AfterDawn - Software downloads, reviews, tech news and guides"
430,Technology,https://lockergnome.com,"3D Printing! Sometimes silly. Sometimes serious. Always interactive. I'm a variety streamer geek / nerd just chatting every night at 6PM PT. I love Star Wars, LEGO, pop culture / entertainment, retro fun, toys & collectables, and helping fellow creators. My community: https://twitch.tv/MakerDeck!",ChrisPirillo - Twitch
431,Technology,https://pcadvisor.co.uk,"Expert advice you can trust for all your tech needs, covering phones, tablets, laptops, wearables, gaming, entertainment, security, accessories &amp; more","Tech Advisor: Tech Reviews, News, Tutorials & Buying Advice"
432,Technology,https://ubergizmo.com,,Ubergizmo
433,Technology,https://amd.com,error,error
434,Technology,https://pinger.com,error,error
435,Technology,https://redmondpie.com,"Covering Microsoft, Apple, Google, Tesla and the web!",Redmond Pie
436,Technology,https://overclock.net,error,error
437,Technology,https://socialtimes.com,error,error
438,Technology,https://androidcommunity.com,"Android Community is obsessed with all things Android, covering phones, tablets, apps and hacks to get the best out of Google‚Äôs OS.","Android Community - Android News, Reviews, and Apps"
439,Technology,https://toshiba.com,error,error
440,Technology,https://droidforums.net,"DroidForums is the #1 Android Forum & Android News site providing Android Help for Samsung, Motorola, HTC, LG and Sony  Android Phones.",DroidForums.net | Android Forums & News
441,Technology,https://dvice.com,error,error
442,Technology,https://cpubenchmark.net,"PassMark Software - CPU Benchmarks - Over 1 million CPUs and 1,000 models benchmarked and compared in graph form, updated daily!",PassMark Software - CPU Benchmark Charts
443,Technology,https://adweek.com,"Breaking News in Advertising, Media and Technology",Adweek
444,Technology,https://iclarified.com,,iClarified - Apple News and Tutorials
445,Technology,https://samsungapps.com,,
446,Technology,https://mouser.com,error,error
447,Technology,https://i4u.com,error,error
448,Technology,https://notebookcheck.net,"Notebookcheck provides in depth reviews, technical articles like benchmark comparisons, and news on laptops / notebooks, netbooks and tablets.",Notebook / Laptop Reviews and News - NotebookCheck.net
449,Technology,https://guru3d.com,Guru of 3D: Computer PC Hardware and Consumer Electronics reviews,Guru3D.com
450,Technology,https://droid-life.com,"We write about the happenings in the Android world, most of which involves Google. We do reviews too, so we got you covered, Samsung guy.",Droid Life: Opinionated Android news.
451,Technology,https://motorola.com,#hellomoto | Discover our new unlocked Android phones from motorola and stay informed about our offers and promotions.,Android Smartphones | motorola UAE
452,Technology,https://acer.com,"Shop the latest Acer products, from Chromebooks, laptops, monitors, desktop PCs, and projectors for office, home, and entertainment use.","Acer Indonesia | Laptops, Desktops, Chromebooks, Monitors & Projectors"
453,Technology,https://laptopmag.com,"Laptop Mag reviews and benchmarks the latest laptops, tablets and 2-in-1s; takes you hands-on with new products; and helps you save time with smart tips.","Laptop Mag: Find the Perfect Laptop, Tablet or 2-in-1 for You"
454,Technology,https://technobuffalo.com,"TechnoBuffalo is the the go-to source for Buyer's Guides & Gift Guides for all types of shoppers, no matter the category. Home products, kids toys, and tech (phones, gaming, smart devices) are just a few areas Techno Buffalo covers!","TechnoBuffalo Buyer's Guides 2022: Top Picks, Reviews, & Comparisons | TechnoBuffalo"
455,Technology,https://modmyi.com,Tear down the walls,ModMy | Tear down the walls
456,Technology,https://nvidia.com,"Experience the NVIDIA website in your language, in your location.",Location and Regional Selector | NVIDIA
457,Technology,https://androidadvices.com,"Android Advices is a News & Info Blog dedicated towards the Google Android OS Platform & the Devices which run based on it. Dont forget to subscribe our Free Android Newsletter, 100000 subscribers cannot be wrong.",Android Advices - Android News Blog - Devices Rooting Firmware Updates & Reviews
458,Technology,https://iphonehacks.com,,"iPhone Hacks | #1 iPhone, iPad, iOS Blog"
459,Technology,https://airdroid.com,"AirDroid is an Industry-leading developer specializing in mobile device management, including file transfer, remote access, remote support, device security management, monitor & alerts, Kiosk mode, and more.",AirDroid | Delight Your Multi-Screen Life
460,Technology,https://hexus.net,"HEXUS a leading site for independent coverage of hardware, gaming, consumer and business technology news and reviews.",HEXUS.net - Definitive Technology News and Reviews
461,Technology,https://magicjack.com,Enjoy uncompromised VoIP calling and say goodbye to phone bills with magicJack. Get free unlimited calling to the US & Canada and keep your same number!,VoIP Phone Service | Internet Home Phone Service Provider | magicJack
462,Technology,https://gartner.com,"Gartner provides actionable insights, guidance, and tools that enable faster, smarter decisions and stronger performance on an organization‚Äôs mission-critical priorities.","Gartner | Delivering Actionable, Objective Insight to Executives and Their Teams"
463,Technology,https://wpcentral.com,"The center of the Windows Universe - featuring news, reviews, help & tips, buyer guides, forums & accessories. Buyer's guides to help you find the best accessories for you. Jump in for a review of upcoming Xbox games or consoles. Troubleshooting issues you may run into with Windows 10 or Windows 11, no matter how small or difficult.","Windows Central - News, Reviews & Help on Windows 10, Windows 11, Xbox & more"
464,Technology,https://readwrite.com,The Blog of Things,ReadWrite - The Blog of Things
465,Technology,https://whirlpool.net.au,,Whirlpool Broadband News
466,Technology,https://infoq.com,Helping dev teams adopt new technologies and practices. Written by software engineers. Read by over 1.5 million developers worldwide.,"InfoQ: Software Development News, Trends & Best Practices"
467,Technology,https://quickonlinetips.com,"Top tech blog publishing blogging tips, smart tech and web tutorials since 2004",Quick Online Tips / QOT
468,Technology,https://netgear.com,"At NETGEAR we turn ideas into innovative networking products that connect people, power businesses & advance the way we live. Easy to use. Powerful. Smart.",NETGEAR: Networking Products Made For You
469,Technology,https://ti.com,"Texas Instruments has been making progress possible for decades. We are a global semiconductor company that designs, manufactures, tests and sells analog and embedded processing chips.",Analog | Embedded processing | Semiconductor company |  TI.com
470,Technology,https://t3.com,"The latest gadget and technology news, reviews, buyer‚Äôs guides and features. Covering smartphones, laptops, audio, gaming, fitness and more",Smarter Living | T3
471,Technology,https://belkin.com,"Discover Belkin accessories designed to power your lifestyle. Shop wireless chargers, smart speakers, earbuds, charging cables, screen protectors, & more.",Belkin | Change the Way You Charge
472,Technology,https://gottabemobile.com,"We help millions of people get the most out of their devices and decide which ones are worth buying. We cover iPhone, Android, Macs, PCs, Amazon and more!","Gotta Be Mobile: Mobile Tech News, Reviews and Advice"
473,Technology,https://ncix.com,error,error
474,Technology,https://itproportal.com,"ITProPortal brings you the latest business IT news, reviews, features and guides from around the world.",ITProPortal | News & Guides For Business & Enterprise IT
475,Technology,https://omgubuntu.co.uk,"Ubuntu Linux News, Apps and Reviews","OMG! Ubuntu! - Ubuntu Linux News, Apps and Reviews"
476,Technology,https://tune-up.com,"Inilah antivirus gratis terbaik untuk PC, Mac, & Android yang dipercaya 435 juta orang. Gunakan VPN kami untuk browsing yang aman. Unduh Avast sekarang!",Avast | Unduh Free Antivirus & VPN | 100% Gratis & Mudah
477,Technology,https://nist.gov,"NIST promotes U.S. innovation and industrial competitiveness by advancing measurement science, standards, and technology in ways that enhance economic security and improve our quality of life.",National Institute of Standards and Technology | NIST
478,Technology,https://pocketnow.com,,Pocketnow
479,Technology,https://computing.net,"Computing.NET is built to share and learn about Computers, Software, Technology & More. We word with the top talent in the industry to provide Tech Solutions!","Computing.NET - Learn about Computers, Software, Tech & More"
480,Technology,https://lg.com,"Perangkat elektronik LG mulai dari TV, peralatan rumah tangga, smartphone, hingga komputer untuk kebutuhan Anda dan keluarga.",LG Electronics Indonesia | LG Indonesia
481,Technology,https://seagate.com,"Seagate membantu dunia menyimpan lebih banyak data dan memanfaatkan potensinya dengan terobosan layanan penyimpanan cloud, sistem, hard disk, hard disk solid state, serta solusi manajemen data lengkap.",Unggul dalam Solusi Penyimpanan Data Besar | Seagate Indonesia
482,Technology,https://androidauthority.com,"Your source for the best phones, streaming, apps, headphones, deals, games, Chromebooks, smart home tech, and more.","Android Authority: Tech Reviews, News, Buyer's Guides, Deals, How-To"
483,Technology,https://internet.com,error,error
484,Technology,https://geeky-gadgets.com,"Geeky Gadgets brings you the latest gadgets and technology news from around the US, UK and around the globe, you will also find the latest auto news and much more.",Geeky Gadgets - Gadgets and Technology News
485,Technology,https://yudu.com,error,error
486,Technology,https://theinquirer.net,error,error
487,Technology,https://thehackernews.com,"The Hacker News is the most trusted, widely-read infosec source of the latest hacking news, cyber attacks, computer security, and cybersecurity for ethical hackers, penetration testers, and information technology professionals.",The Hacker News - Cybersecurity News and Analysis
488,Technology,https://kindleboards.com,error,error
489,Technology,https://soft32.com,"Soft32, a pioneer of downloads and reviews website, delivers up-to-date software, free downloads and reviews for Windows, Mac, iPhone, iPad and Android.",Software Free Download - Soft32
490,Technology,https://vr-zone.com,error,error
491,Technology,https://gateway.com,Select your preferred country or region,Gateway Official Site: Worldwide
492,Technology,https://sandisk.com,Find the right storage solution from portable hard drives to SanDisk memory cards and flash drives. Shop today for FAST and FREE shipping.,"SanDisk SD Card, Memory Cards, and Flash Drives for PC & Mac | Western Digital"
493,Technology,https://mixergy.com,Business tips for startups by proven entrepreneurs,Learn from Proven Entrepreneurs - Business Podcast for Startups
494,Technology,https://ijailbreak.com,"iJailbreak is an online resource for jailbreak and unlock iPhone, iPad, iPod Touch, Apple TV and iOS news. iJailbreak also covers Android, Microsoft, Google, PlayStation and provides guides and tutorials.",iJailbreak | Jailbreak And iOS News
495,Technology,https://systemrequirementslab.com,What games will run on my computer? Test my computer for multiple game requirements at one time.,Can You RUN It | Can I Run It | Can My PC Run It
496,Technology,https://driverscollection.com,Driverscollection.com - One of largest free net library of device drivers for computer hardware. 6'363'322 (390.21 TB) drivers available for free download.,DriversCollection.com
497,Technology,https://umnet.com,error,error
498,Technology,https://androidtablets.net,Android Tablets .net covers the full range of Android Tablet devices and other Android based PC's.,Android Tablet Forum
499,Technology,https://avforums.com,The No. 1 Home Entertainment Tech Community & Resource,AVForums | Home Entertainment Tech Resource and Community
500,Technology,https://hardforum.com,HardOCP Community Forum for PC Hardware Enthusiasts,[H]ard|Forum
501,Technology,https://lenovo.com,error,error
502,Technology,https://lexmark.com,"Lexmark creates innovative imaging solutions and technologies that help customers worldwide print, secure and manage information with ease, efficiency and unmatched value.","Print, secure and manage your information | Lexmark United States"
503,Technology,https://tmcnet.com,Latest Technology News,"Smarter News, Analysis & Research Communities"
504,Technology,https://flurry.com,"Flurry is a mobile app analytics platform for Android & iOS that empowers product, development and growth experts to build better apps that users love.",Flurry | Mobile App Analytics Platform for Android & iOS
505,Technology,https://appadvice.com,Latest iPhone/iPad App News and Reviews,AppAdvice - Latest iOS News And Reviews
506,Technology,https://iphonedevsdk.com,,
507,Technology,https://pcreview.co.uk,,PC Review
508,Technology,https://appannie.com,error,error
509,Technology,https://smartbrief.com,error,error
510,Technology,https://ebuyer.com,error,error
511,Technology,https://libsyn.com,"The podcast hosting, distribution, and monetization platform since 2004. With plans starting at $5 a month. Enjoy wide distribution, detailed statistics, and expert service you can count on.",Best Podcast Hosting the Way You Want It | Libsyn Podcast Hosting
512,Technology,https://osdir.com,error,error
513,Technology,https://ipadforums.net,iPadForums.net is the ultimate Apple iPad Forum and fan site offering a comprehensive collection of Apple iPad and Tablet Computer information. The forum...,Apple iPad Forum üçé
514,Technology,https://nodevice.com,"NoDevice ‚Äî a huge collection of free drivers, user manuals and service manuals from manufacturers' official websites.",NoDevice ‚Äî drivers and manuals
515,Technology,https://whathifi.com,"Latest hi-fi, home cinema and technology reviews, products, news, advice, videos and more, from the world&#039;s no.1 technology buyer&#039;s guide - What Hi-Fi?",What Hi-Fi? | Tech news and reviews
516,Technology,https://velocityreviews.com,"The latest technology news, reviews and articles from VelocityReviews.com",Velocity Reviews
517,Technology,https://pcpro.co.uk,error,error
518,Technology,https://sonymobile.com,"Temukan beragam produk berkualitas tinggi dari Sony dan teknologi yang mendukungnya, dapatkan akses instan ke toko dan Entertainment Network kami.",Sony Indonesia | Teknologi & Berita Terbaru | Elektronik | Hiburan | Sony ID
519,Technology,https://techhive.com,,TechHive
520,Technology,https://ingrammicro.com,"Delivering global technology and supply chain services to support cloud aggregation, data center management, logistics, technology distribution, mobility device life-cycle and training.",Corporate site - Ingram Micro delivers global technology and supply chain services to help businesses realize the promise of technology.
521,Technology,https://absinthejailbreak.com,,
522,Technology,https://wdc.com,"Western Digital has the best Mac and PC compatible digital storage solutions plus FREE shipping, friendly customer support, and a 30 day return policy.","Hard Drives, USB Drives, and Memory Cards | Western Digital"
523,Technology,https://online-tech-tips.com,Computer Tips from a Computer Guy,Online Tech Tips ‚Äì Computer Tips from a Computer Guy
524,Technology,https://pandodaily.com,,Pando
525,Technology,https://kingston.com,"Reliable solid state drives (SSDs), memory modules, USB flash drives, SD cards, microSD cards and CF cards for consumers, businesses, enterprises and system builders offered by Kingston.","SSDs, DRAM, Memory Cards and USB Flash Drives for Personal, Business and Enterprise Use - Kingston Technology"
526,Technology,https://appstorm.net,error,error
527,Technology,https://phonesreview.co.uk,All about Mobile Phones Reviews & Updates. Features & Specifications,"PhonesReviews UK- Mobiles, Apps, Networks, Software, Tablet etc | All about Mobile Phones Reviews & Updates. Features & Specifications"
528,Technology,https://kaywa.com,"Create URL, Coupon, Facebook, Contact QR Codes. Scan them with the Kaywa Reader. Kaywa's professional QR Management offers Custom Design Codes, Analytics and much more","Free QR Code Generator, Coupon, Contact & Design QR Codes & Tracking"
529,Technology,https://mac-forums.com,Apple iOS OS Help | Fix Mac iPhone iPad | Buying Tips | Mac-Forums,Mac-Forums
530,Technology,https://maplin.co.uk,"We're back online with a huge range of Smart Home, Security, Gaming, AV, Computing, STEM & more. ‚úì Free Home Delivery",maplin | the electronics specialist | FREE delivery over ¬£20! | Maplin
531,Technology,https://sammobile.com,"SamMobile.com is a community for true Samsung fans sharing news, reviews, tutorials, hands-on and Kies Firmware. And having a lot ...",SamMobile - Your source for all Samsung news
532,Technology,https://tomsguide.com,"Tom's Guide upgrades your life by helping you decide what tech to buy, showing you how to get the most out of it and solving problems as they arise. Tom's Guide is here to help you....","Tom's Guide | Tech Product Reviews, Top Picks and How To"
533,Technology,https://sitepronews.com,"The latest articles and breaking news on technology, social media, search engines, SEO, business, marketing, content writing and webmaster resources.","SiteProNews - Breaking News, Technology News, and Social Media News"
534,Technology,https://lowyat.net,"Malaysia's leading online publication delivering breaking tech news, gadgets and mobile phone reviews, internet technologies and much more.",Lowyat.NET | Technology News Malaysia
535,Technology,https://appfigures.com,"Grow you download with simple ASO tools, app intelligence, and comprehensive app analytics for all of your mobile apps.","Appfigures - ASO tools, App Intelligence, and Analytics"
536,Technology,https://orange.co.uk,error,error
537,Technology,https://iphone-dev.org,,
