,url,description,title,label
0,https://unt.edu,"UNT is a student-focused, public, research university located in Denton, Texas. As one of Texas' largest universities, we offer 113 bachelor's, 94 master's and 37 doctoral degree programs within the university's 14 colleges and schools.",University of North Texas,aman
1,https://discovermagazine.com,"Discover satisfies everyday curiosity with relevant and approachable science news, feature articles, photos and more.",Discover Magazine,aman
2,https://caranddriver.com,"Covering the automotive industry since 1955 with in-depth reviews and analysis, features, auto show reporting, and advice for car owners and buyers.","Car and Driver: New Car Reviews, Buying Advice and News",aman
3,https://allstate.com,"Get auto insurance quotes at Allstate.com. You're In Good Hands With Allstate. Allstate also offers insurance for your home, motorcycle, RV, as well as financial products such as permanent and term life insurance.",Allstate Insurance Company | You're in good hands,aman
4,https://oregonstate.edu,Oregon State University continues to advance its 150-year mission to provide access to a high-quality education as Oregon's largest and only statewide public research university.,Oregon State University,aman
5,https://usingenglish.com,"Resources to learn the English language for ESL, EFL, ESOL, and EAP students and teachers. Browse our Glossary of Terms, join our busy forums, download our free language software, read our articles and teacher handouts, and find useful links and information on English here.",UsingEnglish.com: English Language (ESL) Learning Online,aman
6,https://physicsforums.com,Join the top physics and STEM forum community. Find experts debating the latest physics research. Request homework help for all sciences and math.,"Physics Forums | Science Articles, Homework Help, Discussion",aman
7,https://crucial.com,"Find compatible DRAM memory and SSD upgrades for your PC or Laptop with our Crucial Advisor tool or Crucial System Scanner, with FREE US delivery!","Crucial US | DRAM, Solid State Drive (SSD) & Memory Upgrades",aman
8,https://turnitin.com,"Turnitin solutions promote academic integrity, streamline grading and feedback, deter plagiarism, and improve student outcomes.","Empower Students to Do Their Best, Original Work | Turnitin",aman
9,https://redmondpie.com,"Covering Microsoft, Apple, Google, Tesla and the web!",Redmond Pie,aman
10,https://easybib.com,"Automatic works cited and bibliography formatting for MLA, APA and Chicago/Turabian citation styles. Now supports 7th edition of MLA.","EasyBib¬Æ: Free Bibliography Generator - MLA, APA, Chicago citation styles",aman
11,https://redorbit.com,"The latest in science, space, health, and technology",Home - Redorbit,aman
12,https://modmyi.com,Tear down the walls,ModMy | Tear down the walls,aman
13,https://manchester.ac.uk,"Part of the prestigious Russell Group of universities, The University of Manchester is the largest single-site university in the UK, with the biggest student community.",The University of Manchester,aman
14,https://idownloadblog.com,"The best Apple blog providing news, reviews, tutorials, and jailbreak info, about everything iPhone, iPad, Apple Watch, Apple TV, Mac and iOS.",iDownloadBlog ‚Äì Apple Blog: iPhone ‚Ä¢ Watch ‚Ä¢ iOS ‚Ä¢ Mac,aman
15,https://infoworld.com,"Business technology, IT news, product reviews and enterprise IT strategies.",InfoWorld - Technology insight for the enterprise,aman
16,https://wolfram.com,"Wolfram, creators of the Wolfram Language, Wolfram|Alpha, Mathematica, Development Platform, Data Science Platform, Finance Platform, SystemModeler...",Wolfram: Computation Meets Knowledge,aman
17,https://unc.edu,"The University of North Carolina at Chapel Hill, the nation‚Äôs first public university, is a global higher education leader known for innovative teaching, research and public service. A member of the prestigious Association of American Universities, Carolina regularly ranks as the best value for academic quality in U.S. public higher education.",The University of North Carolina at Chapel Hill,aman
18,https://gottabemobile.com,"We help millions of people get the most out of their devices and decide which ones are worth buying. We cover iPhone, Android, Macs, PCs, Amazon and more!","Gotta Be Mobile: Mobile Tech News, Reviews and Advice",aman
19,https://thehackernews.com,"The Hacker News is the most trusted, widely-read infosec source of the latest hacking news, cyber attacks, computer security, and cybersecurity for ethical hackers, penetration testers, and information technology professionals.",The Hacker News - Cybersecurity News and Analysis,aman
20,https://quotegarden.com,"Large, searchable compilation of quotations arranged by topic. Inspirational, thought-provoking, humorous, literary, and special occasion quotes.",The Quote Garden,aman
21,https://popsci.com,"Awe-inspiring science reporting, technology news, and DIY projects. Skunks to space robots, primates to climates. That's Popular Science, 145 years strong.",Popular Science Homepage | Popular Science,aman
22,https://unsw.edu.au,UNSW is ranked 2nd in Australia and 27th in the world for Graduate Employability. Browse our range of study options and find the perfect one for you.,UNSW Sydney | One of the best universities in Australia,aman
23,https://collegeconfidential.com,"Real, unfiltered guidance on applying to college and exploring majors and careers.",Admissions | College Search | College Confidential,aman
24,https://bose.com,"The official Bose website. Learn about innovative solutions to help you feel more, do more and be more. Shop for headphones, speakers, wearables and wellness products.","Bose | Headphones, Speakers, Wearables",aman
25,https://slashgear.com,"SlashGear covers technology, science, automotive, gaming, and entertainment, bringing thought-provoking and independent insight since 2005",SlashGear,aman
26,https://newscientist.com,Science news and science articles from New Scientist,New Scientist | Science news and science articles from New Scientist,aman
27,https://mac-forums.com,Apple iOS OS Help | Fix Mac iPhone iPad | Buying Tips | Mac-Forums,Mac-Forums,aman
28,https://nature.com,"First published in 1869, Nature is the world‚Äôs leading multidisciplinary science journal. Nature publishes the finest peer-reviewed research that drives ground-breaking discovery, and is read by thought-leaders and decision-makers around the world.",Nature,aman
29,https://wolframalpha.com,"Compute answers using Wolfram's breakthrough technology & knowledgebase, relied on by millions of students & professionals. For math, science, nutrition, history, geography, engineering, mathematics, linguistics, sports, finance, music‚Ä¶",Wolfram|Alpha: Computational Intelligence,aman
30,https://sammobile.com,"SamMobile.com is a community for true Samsung fans sharing news, reviews, tutorials, hands-on and Kies Firmware. And having a lot ...",SamMobile - Your source for all Samsung news,aman
31,https://gatech.edu,"Georgia Tech (Georgia Institute of Technology) is a technology-focused college in Atlanta, Ga, and one of the top research universities in the USA.",Georgia Tech,aman
32,https://flurry.com,"Flurry is a mobile app analytics platform for Android & iOS that empowers product, development and growth experts to build better apps that users love.",Flurry | Mobile App Analytics Platform for Android & iOS,aman
33,https://theverge.com,"The Verge was founded in 2011 in partnership with Vox Media, and covers the intersection of technology, science, art, and culture. Its mission is to offer in-depth reporting and long-form feature stories, breaking news coverage, product information, and community content in a unified and cohesive manner. The site is powered by Vox Media's Chorus platform, a modern media stack built for web-native news in the 21st century.",The Verge,aman
34,https://sonymobile.com,"Temukan beragam produk berkualitas tinggi dari Sony dan teknologi yang mendukungnya, dapatkan akses instan ke toko dan Entertainment Network kami.",Sony Indonesia | Teknologi & Berita Terbaru | Elektronik | Hiburan | Sony ID,aman
35,https://cars.com,"Shop new & used cars, research & compare models, find local dealers/sellers,calculate payments, value your car, sell/trade in your car & more at Cars.com.","New Cars, Used Cars, Car Dealers, Prices & Reviews | Cars.com",aman
36,https://carid.com,Car Accessories and replacement Auto Parts that define your vehicle's true identity. Check out our automotive aftermarket selection for the ride of your life!,"CARiD.com - Auto Parts & Accessories | Car, Truck, SUV, Jeep",aman
37,https://ucl.ac.uk,UCL is consistently ranked as one of the top ten universities in the world (QS World University Rankings 2010-2022) and is No.2 in the UK for research power (Research Excellence Framework 2021).,UCL - London's Global University,aman
38,https://intel.com,"Intel's innovation in cloud computing, data center, Internet of Things, and PC solutions is powering the smart and connected digital world we live in.","Intel | Data Center Solutions, IoT, and PC Innovation",aman
39,https://radioshack.com,"The Shack Is Back! Shop Radios, Headphones, TV Antennas, Cables & Adapters, DIY Tools & Parts, Electronics Maker Kits, and much more brand new arrivals daily! Don't forget to visit any of our 450+ RadioShack locations across America!",RadioShack.com Official Site - America's Technology Store,aman
40,https://popularmechanics.com,"Popular Mechanics inspires, instructs and influences readers to help them master the modern world, whether it's practical DIY home-improvement tips, gadgets and digital technology, information on the newest cars or the latest breakthroughs in science.","Popular Mechanics - Product Reviews, How-To, Space, Military, Math, Science, and New Technology",aman
41,https://italki.com,"italki is the best language learning community. Here you can learn over 150 languages like English, Spanish, French, Chinese, etc. with professional online tutors.",Learn 150+ foreign languages with professional teachers online,aman
42,https://nadaguides.com,"Research the latest new car prices, deals, used car values, specs and more. NADA Guides is the leader in accurate vehicle pricing and vehicle information.",New Car Prices and Used Car Book Values - NADAguides,aman
43,https://wiziq.com,Virtual Classroom and LMS Software to deliver live and self-paced online courses. Everything you need to teach and train online. Start now.,Virtual Classroom and LMS Software | WizIQ,aman
44,https://cuny.edu,The Greatest Urban University in the World,The City University of New York,aman
45,https://soft32.com,"Soft32, a pioneer of downloads and reviews website, delivers up-to-date software, free downloads and reviews for Windows, Mac, iPhone, iPad and Android.",Software Free Download - Soft32,aman
46,https://utah.edu,"Founded in 1850, The University of Utah is the flagship institution of higher learning in Utah, and offers over 100 undergraduate and more than 90 graduate degree programs to over 30,000 students. As a preeminent research and teaching institution, the University cultivates an academic environment in which the highest standards of intellectual integrity and scholarship are practiced.",The University of Utah,aman
47,https://indexmundi.com,IndexMundi is a data portal that gathers facts and statistics from multiple sources and turns them into easy to use visuals.,IndexMundi - Country Facts,aman
48,https://phoenix.edu,University of Phoenix offers online degrees & courses aligned to 300+ occupations. Explore tuition-saving opportunities at our accredited online college!,"Online College, Affordable & Always On | University of Phoenix",aman
49,https://harvard.edu,"Harvard University is devoted to excellence in teaching, learning, and research, and to developing leaders who make a difference globally.",Harvard University,aman
50,https://britannica.com,"Explore the fact-checked online encyclopedia from Encyclopaedia Britannica with hundreds of thousands of objective articles, biographies, videos, and images from experts.",Encyclopedia Britannica | Britannica,aman
51,https://mathworks.com,"MathWorks develops, sells, and supports MATLAB and Simulink products.",MathWorks - Makers of MATLAB and Simulink - MATLAB & Simulink,aman
52,https://blackboard.com,"Blackboard is a leading global educational technology solution for Higher Ed, K-12, business, and government, connecting education to the power of technology.",Educational Technology Services | Blackboard | North America,aman
53,https://oreillyauto.com,"Check out a variety of auto parts, supplies, and accessories for cars, trucks, and SUVs, as well as boats, trailers, ATVs, and lawn and garden equipment. Find an O'Reilly Auto Parts store near you, learn about store services, and view our current ad, coupons, and promotions. Get free shipping on orders $35.00+ and free in-store pickup for online orders.","O'Reilly Auto Parts | Auto Parts, Batteries & Stores Near You",aman
54,https://autocar.co.uk,"Car news, reviews, opinion and features from Autocar - the world's oldest car publication bringing you everything automotive since 1895",Autocar | Car News and Car Reviews,aman
55,https://netcarshow.com,The latest car news as well as a look at the automotive past with the best car pictures and wallpapers.,Cars - All Makes. All Models. - NetCarShow.com,aman
56,https://appleinsider.com,"For Apple News, Rumors, Reviews, Prices, and Deals, trust AppleInsider. Serving Apple product enthusiasts since 1997.","Apple News, Rumors, Reviews, Prices & Deals | AppleInsider",aman
57,https://uwaterloo.ca,"With more than 42,000+ students attending annually, Waterloo is #1 in Canada for experiential learning and employer-student connections.",Home | University of Waterloo | University of Waterloo,aman
58,https://maplin.co.uk,"We're back online with a huge range of Smart Home, Security, Gaming, AV, Computing, STEM & more. ‚úì Free Home Delivery",maplin | the electronics specialist | FREE delivery over ¬£20! | Maplin,aman
59,https://cambridge.org,"We unlock the potential of millions of people. Our qualiÔ¨Åcations, assessments, academic publications and original research spread knowledge and spark enquiry.",Home | Cambridge University Press & Assessment,aman
60,https://spellingcity.com,Improve knowedge of vocabulary words with spelling practice from VocabularySpellingCity. Our engaging phonics games for kids help students become spelling masters.,Vocabulary Words - Spelling Practice - Phonics Games for Kids,aman
61,https://livescience.com,"Live Science features groundbreaking developments in science, space, technology, health, the environment, our culture and history.","Live Science: The Most Interesting Articles, Mysteries & Discoveries",aman
62,https://nissanusa.com,"Shop online for the newest Nissan cars, trucks, crossovers, SUVs and electric vehicles. Explore offers, compare models, calculate payments and more.","New Cars, SUVs, Trucks & Electric Vehicles | Nissan USA",aman
63,https://acs.org,"ACS is one of the world‚Äôs largest scientific societies and the premier home of chemistry professionals. Find career opportunities, educational resources and more.",American Chemical Society,aman
64,https://sfsu.edu,"Official site of San Francisco State University, a public urban university with a conscience located in one of the world's most vibrant and beautiful cities. Begin your college search here for world-class undergraduate study, graduate study, scholarly research and community service learning.",San Francisco State University,aman
65,https://appadvice.com,Latest iPhone/iPad App News and Reviews,AppAdvice - Latest iOS News And Reviews,aman
66,https://geforce.com,"The world's most advanced graphics cards, gaming solutions, and gaming technology - from NVIDIA GeForce.","GeForce.com Official Site: RTX Graphics Cards, VR, Gaming, Laptops",aman
67,https://ucsb.edu,UC Santa Barbara is a leading center for teaching and research located on the California coast - truly a learning and living environment like no other!,Home | UC Santa Barbara,aman
68,https://thecarconnection.com,"Get the inside scoop on new cars: car reviews, car photos, test drive results, technical specs and more. Comprehensive car reviews from auto experts. Get expert opinions from new car test drives. Find cool cars and get inside exclusives on hot concept cars, spy shots with auto show blogging coverage and daily automotive industry news.","New Cars, Car Reviews, Car Shows, Car Photos - The Car Connection",aman
69,https://quickonlinetips.com,"Top tech blog publishing blogging tips, smart tech and web tutorials since 2004",Quick Online Tips / QOT,aman
70,https://honda.com,Explore an innovative line of quality products from American Honda Motor Company. Find the latest news and information on Honda and Acura brand products.,"American Honda Motor Co., Inc. - Official Site",aman
71,https://harley-davidson.com,"Situs resmi Harley-Davidson Motor Company. Lihat motor Harley terbaru, cari dealer, & telusuri komponen dan perlengkapan motor.",Harley-Davidson Indonesia,aman
72,https://udemy.com,"Udemy is an online learning and teaching marketplace with over 185,000 courses and 49 million students. Learn programming, marketing, data science and more.","Online Courses - Learn Anything, On Your Schedule | Udemy",aman
73,https://researchgate.net,Access 130+ million publications and connect with 20+ million researchers. Join for free and gain visibility by uploading your research.,ResearchGate | Find and share research,aman
74,https://brainyquote.com,"Share our collection of inspirational and famous quotes by authors you know and love. Share our Quotes of the Day on the web, Facebook, Twitter, and blogs.",Inspirational Quotes at BrainyQuote,aman
75,https://androidcentral.com,"Your buyer‚Äôs guide for the best Android phones, deals, news, and reviews! Android Central covers smartphones, watches, tablets, ChromeOS devices, Google Home, and all compatible peripherals in this smart world we're living in. Read all this and more on Android Central.","Android Central - News, Reviews, Deals & Help on all Android devices",aman
76,https://space.com,"Get the latest space exploration, innovation and astronomy news. Space.com celebrates humanity's ongoing expansion across the final frontier.","Space.com: NASA, Space Exploration and Astronomy News",aman
77,https://seagate.com,"Seagate membantu dunia menyimpan lebih banyak data dan memanfaatkan potensinya dengan terobosan layanan penyimpanan cloud, sistem, hard disk, hard disk solid state, serta solusi manajemen data lengkap.",Unggul dalam Solusi Penyimpanan Data Besar | Seagate Indonesia,aman
78,https://uiowa.edu,"Join a global community of renowned artists, pioneering scientists, and faculty dedicated to student success at the University of Iowa.",The University of Iowa,aman
79,https://ti.com,"Texas Instruments has been making progress possible for decades. We are a global semiconductor company that designs, manufactures, tests and sells analog and embedded processing chips.",Analog | Embedded processing | Semiconductor company |  TI.com,aman
80,https://usgs.gov,"We provide science about the natural hazards that threaten lives and livelihoods; the water, energy, minerals, and other natural resources we rely on; the health of our ecosystems and environment; and the impacts of climate and land-use change. Our scientists develop new methods and tools to supply timely, relevant, and useful information about the Earth and its processes.",USGS.gov | Science for a changing world,aman
81,https://tomsguide.com,"Tom's Guide upgrades your life by helping you decide what tech to buy, showing you how to get the most out of it and solving problems as they arise. Tom's Guide is here to help you....","Tom's Guide | Tech Product Reviews, Top Picks and How To",aman
82,https://vw.com,"Find your new German-Engineered VW today. Customize your own VW model, engine, colors, and features - all based on your budget. Come see what's new.",VW.com | Official Home of Volkswagen Cars & SUVs,aman
83,https://ubc.ca,"The University of British Columbia is a global centre for research and teaching, consistently ranked among the top 20 public universities in the world.",The University of British Columbia,aman
84,https://mbusa.com,"Mercedes-Benz combines luxury with performance across the full line of models including luxury sedans, SUVs, coupes, roadsters, convertibles & more.","Luxury Cars - Sedans, SUVs, Coupes & Wagons | Mercedes-Benz USA",aman
85,https://si.edu,"Official website of the Smithsonian, the world's largest museum and research complex, with 19 museums, 9 research centers, and affiliates around the world.",Smithsonian Institution | Home,aman
86,https://oup.com,home,Oxford University Press - homepage,aman
87,https://geeksaresexy.net,"Tech, science, cosplay and news by geeks, for geeks! We make technology sexy!","Geeks are Sexy Technology NewsGeeks are Sexy Technology News | Tech, science, cosplay and news by geeks, for geeks! We make technology sexy!",aman
88,https://eslcafe.com,"Since 1995 Dave's ESL Cafe has been a meeting place for ESL/EFL students & teachers from around the world -  jobs,  a resume database, forums,  resources, & more!",Home Page -  ESL,aman
89,https://bibsonomy.org,The blue social bookmark and publication sharing system.,BibSonomy,aman
90,https://ucsc.edu,A world-class public research institution comprised of ten residential college communities nestled in the redwood forests and meadows overlooking central California's Monterey Bay.,"University of California, Santa Cruz",aman
91,https://craftsy.com,"Craftsy is your online resource for all creative makers, where you can find everything you need ‚Äì from basic instruction to advanced techniques.",Craftsy.com | Express Your Creativity! | Engage your passion with Craftsy and learn to make something beautiful!,aman
92,https://otterbox.com,OtterBox designs protective and stylish phone cases as well as the best premium coolers and accessories. Shop now and see how OtterBox enables your everyday.,"OtterBox | Cases, Accessories & Outdoor Gear",aman
93,https://appbrain.com,"Grow your app business with AppBrain: Monetize, advertise and analyze Android apps","Monetize, advertise and analyze Android apps | AppBrain.com",aman
94,https://coursera.org,"Learn online and earn valuable credentials from top universities like Yale, Michigan, Stanford, and leading companies like Google and IBM. Join Coursera for free and transform your career with degrees, certificates, Specializations, & MOOCs in data science, computer science, business, and dozens of other topics.",Coursera | Online Courses & Credentials From Top Educators. Join for Free,aman
95,https://mashable.com,"Mashable is a global, multi-platform media and entertainment company.",Mashable,aman
96,https://mapquest.com,"Official MapQuest website, find driving directions, maps, live traffic updates and road conditions.  Find nearby businesses, restaurants and hotels. Explore!","Official MapQuest - Maps, Driving Directions, Live Traffic",aman
97,https://academia.edu,Academia.edu is a place to share and follow research.,Academia.edu - Share research,aman
98,https://readwrite.com,The Blog of Things,ReadWrite - The Blog of Things,aman
99,https://ets.org,"ETS is committed to advancing quality and equity in education for all people worldwide through assessment development, educational research, policy studies and more.",ETS Home,aman
100,https://samsung.com,"Samsung Store Indonesia membantu Anda menemukan jajaran produk elektronik dengan teknologi terkini termasuk smartphone, tablet, TV, peralatan rumah tangga.",Samsung Indonesia | Mobile | TV | Home Appliances,aman
101,https://citeulike.org,"Discover the top real money gambling sites. Ratings & reviews for players of online casinos and games, lottery, bingo, online poker, sports betting & esports.",Gambling Sites for Real Money: Best Online Gamble Sites 2022,aman
102,https://cargurus.com,Unbiased car reviews and over a million opinions and photos from real people. Use CarGurus to find the best used car deals.,"Buy & Sell Cars: Reviews, Prices, and Financing - CarGurus",aman
103,https://jalopnik.com,Drive free or die.,Jalopnik,aman
104,https://searchquotes.com,"Best collection of famous quotes and sayings on the web! Quotes from famous authors, movies and people. Amazing quotes to bring inspiration, personal growth, love and happiness to your everyday life.",Quotes and Sayings - SearchQuotes,aman
105,https://sciencemag.org,"Science/AAAS peer-reviewed journals deliver impactful research, daily news, expert commentary, and career resources.",Science | AAAS,aman
106,https://topspeed.com,"Topspeed offers daily industry news and reviews on cars, trucks, motorcycles, boats and airplanes.","Car News And Reviews, Videos, Wallpapers, Pictures, Free Online Games And More | Top Speed",aman
107,https://pistonheads.com,"The UK's biggest motoring forum, plus the best selection of cars for sale with car news and features. PistonHeads is where speed matters.",PistonHeads UK | Cars for Sale | Car News | Motoring Forum,aman
108,https://dmv.org,"DMV.ORG makes understanding the Department of Motor Vehicles simple. Get quick access to DMV locations & hours, appointments, renewals, forms, practice tests & more.",The DMV Made Simple - DMV.ORG,aman
109,https://osu.edu,"Discover Ohio State, the highest ranked public university in Ohio, is home to the Wexner Medical Center and world-class graduate and undergraduate programs.",The Ohio State University,aman
110,https://netgear.com,"At NETGEAR we turn ideas into innovative networking products that connect people, power businesses & advance the way we live. Easy to use. Powerful. Smart.",NETGEAR: Networking Products Made For You,aman
111,https://jhu.edu,"Johns Hopkins, founded in 1876, is America's first research university and home to nine world-class academic divisions working together as one university",Home | Johns Hopkins University,aman
112,https://ford.com,"Ford¬Æ is Built for America. Discover the latest lineup in new Ford vehicles! Explore hybrid & electric vehicle options, see photos, build & price, search inventory, view pricing & incentives & see the latest technology & news happening at Ford.","Ford¬Æ - New Hybrid & Electric Vehicles, SUVs, Crossovers, Trucks, Vans & Cars",aman
113,https://techpowerup.com,"Leading tech publication, with fast news, thorough reviews, and a strong community.",TechPowerUp,aman
114,https://autosport.com,"Daily Formula 1 and motorsport news from the leading weekly motor racing magazine. The authority on Formula One, F1, MotoGP, WRC, IndyCar, F2, WEC, Le Mans, NASCAR and more","Autosport - Formula 1, MotoGP and motorsport news & standings",aman
115,https://libertymutual.com,"Get your free insurance quote online from Liberty Mutual. Bundle your policies to save on auto, renters, home, motorcycle and more.",Customize your insurance coverage | Liberty Mutual,aman
116,https://toyota.com,"Explore the newest Toyota trucks, cars, SUVs, hybrids and minivans. See photos, compare models, get tips, calculate payments, and more.","New Cars, Trucks, SUVs & Hybrids | Toyota Official Site",aman
117,https://chevrolet.com,"Official Chevrolet site: see Chevy cars, trucks, crossovers &amp; SUVs - see photos/videos, find vehicles, compare competitors, build your own Chevy &amp; more.","Chevrolet Cars, Trucks, SUVs, Crossovers and Vans",aman
118,https://crutchfield.com,"Since 1974 we've provided Legendary Service to consumer electronics shoppers. Get FREE 2-day shipping, one-on-one advice, along with free lifetime tech support.","Crutchfield: Car Stereo and Audio, Speakers, Home Theater, Pro Audio, TVs",aman
119,https://cpubenchmark.net,"PassMark Software - CPU Benchmarks - Over 1 million CPUs and 1,000 models benchmarked and compared in graph form, updated daily!",PassMark Software - CPU Benchmark Charts,aman
120,https://gizmodo.com,We come from the future.,Gizmodo | Tech. Science. Culture.,aman
121,https://webpronews.com,"Breaking business news covering marketing, I.T., ecommerce & emerging trends like electric vehicles, solar energy, financial tech & space.","WebProNews - Digital Marketing, Technology, and Business News",aman
122,https://logitech.com,Beli online sekarang! Temukan pilihan jajaran Produk Logitech terbesar. Toko Online Resmi dengan penawaran eksklusif. Jaminan uang kembali. Berlangganan buletin kami.,"Logitech: Wireless Mouse, Keyboard, Headset, &amp; Konferensi Video",aman
123,https://wikimedia.org,Wikimedia is a global movement whose mission is to bring free educational content to the world.,Wikimedia,aman
124,https://ieee.org,IEEE is the world's largest technical professional organization dedicated to advancing technology for the benefit of humanity.,IEEE - The world's largest technical professional organization dedicated to advancing technology for the benefit of humanity.,aman
125,https://androidtablets.net,Android Tablets .net covers the full range of Android Tablet devices and other Android based PC's.,Android Tablet Forum,aman
126,https://autoblog.com,"Autoblog brings you car news; expert reviews of cars, trucks, crossovers and SUVs; and pictures and video. Research and compare vehicles, find local dealers, calculate loan payments, find your car's book value and get a service estimate at Autoblog.com.","New Cars, Used Cars for Sale, Car Reviews and Car News",aman
127,https://motortrend.com,"Trust MotorTrend for the best car reviews, news, car rankings, and much more. With more than 70 years of experience, we're your home for everything automotive.",MotorTrend: New Cars - Car News and Expert Reviews,aman
128,https://avforums.com,The No. 1 Home Entertainment Tech Community & Resource,AVForums | Home Entertainment Tech Resource and Community,aman
129,https://ijailbreak.com,"iJailbreak is an online resource for jailbreak and unlock iPhone, iPad, iPod Touch, Apple TV and iOS news. iJailbreak also covers Android, Microsoft, Google, PlayStation and provides guides and tutorials.",iJailbreak | Jailbreak And iOS News,aman
130,https://phandroid.com,"The world's first Android News Source, Phandroid.com covers Android news, reviews, and tips to help you get the most out of your smartphone or tablet.",Phandroid,aman
131,https://pornhub.com,"Pornhub is the world‚Äôs leading free porn site. Choose from millions of hardcore videos that stream quickly and in high quality, including amazing VR Porn. The largest adult site on the Internet just keeps getting better. We have more pornstars and real amateurs than anyone else. It‚Äôs fast, it‚Äôs free, it‚Äôs Pornhub!","Free Porn Videos & Sex Movies - Porno, XXX, Porn Tube | Pornhub",berbahaya
132,https://xvideos.com,XVIDEOS Free Porn Videos,Free Porn Videos - XVIDEOS.COM,berbahaya
133,https://xhamster.com,"Watch more than 5 million Porn Videos on xHamster for free. Stream new XXX tube movies online, browse sex photos, date girls to fuck at xHamster!",Free Porn Videos & Sex Tube Movies at xHamster,berbahaya
134,https://redtube.com,"Redtube brings you NEW porn videos every day for free. Enjoy our XXX movies in high quality HD resolution on any device. Get fully immersed with the latest virtual reality sex videos from top adult studios. Stream all of the hottest porn movies from your favorite categories, pornstars and porn channels !",Free Porn Sex Videos - Redtube - XXX Movies - Home of Videos Porno,berbahaya
135,https://xnxx.com,"XNXX delivers free sex movies and fast free porn videos (tube porn). Now 10 million+ sex vids available for free! Featuring hot pussy, sexy girls in xxx rated porn clips.","Free Porn, Sex, Tube Videos, XXX Pics, Pussy in Porno Movies - XNXX.COM",berbahaya
136,https://myfreecams.com,"MyFreeCams is the original free webcam community for adults, featuring live video chat with thousands of models, cam girls, amateurs and female content creators!",MyFreeCams - The #1 adult webcam community!,berbahaya
137,https://youjizz.com,Youjizz Porn Tube! Free porn movies and sex videos on your desktop or mobile phone.,"porntube, porn tube, mobile porn, pornotube, you porn, youporn",berbahaya
138,https://youporn.com,"YouPorn is your home for free XXX porn videos. Sit back and watch all of the unlimited, high quality HD porn your heart desires. Enjoy the hottest porno movies from just about any category you can imagine. Discover the sexiest naked pornstars and amateurs on Earth, only on the world's favorite sex tube - YouPorn!",Free Porn Videos - HD Porno Tube & XXX Sex Videos | YouPorn,berbahaya
139,https://tube8.com,Watch the hottest free sex videos at Tube8. Enjoy an exclusive porn collection of selected sex scenes and full porn movies at home or on the go on your mobile device. Tube8 is the porno tube with the fastest streaming HD videos.,Tube8: Free Porn Videos & XXX Sex Movies - HD Porno Tube,berbahaya
140,https://cam4.com,"Watch Real People Naked & Having Sex Live on Webcam 24/7. 100% Free to Watch, Chat & Broadcast. No-Sign Up & No Registration Required.","Cam4 Free Live Sex Cams, Adult Sex Chat ‚ù§Ô∏è Naked Pornstar Cams | CAM4.com",berbahaya
141,https://playboy.com,"Wear the Playboy Collection. Styles include Playboy Logo Clothing, Hoodies, Sweatshirts, Sweatpants, Earrings, Necklaces and Vintage looks. For Men and Women.","Shop The Playboy Store. Hoodies, T-Shirts, Unisex styles.",berbahaya
142,https://spankwire.com,"YouPorn is your home for free XXX porn videos. Sit back and watch all of the unlimited, high quality HD porn your heart desires. Enjoy the hottest porno movies from just about any category you can imagine. Discover the sexiest naked pornstars and amateurs on Earth, only on the world's favorite sex tube - YouPorn!",Free Porn Videos - HD Porno Tube & XXX Sex Videos | YouPorn,berbahaya
143,https://xtube.com,Xtube.com is no longer available. Watch FREE hardcore porn videos. The best Adult Community with both Straight and Gay Sex Movies full of hot 18+ amateurs.,XTUBE | Free Porn and Sex Videos - XXX Gay Porno,berbahaya
144,https://brazzers.com,"Brazzers.com features the hottest pornstars in the most popular brazzers porn videos in the adult industry. Watch exclusive sex videos with big tits, hot asses, and more!",Brazzers | #1 Best Porn Site In the WORLD,berbahaya
145,https://clips4sale.com,"Download over 5,000,000 adult amateur porn fetish sex hardcore movies, videos and clips. 600 fetish categories, 50,000 different studios. Clips4Sale.com has everything from anal sex to tickling videos. The largest collection of fetish videos and amateur porn video clips. Hardcore amateur fetish sex videos.",Amateur Porn | Fetish Porn Videos - Clips4sale,berbahaya
146,https://keezmovies.com,"YouPorn is your home for free XXX porn videos. Sit back and watch all of the unlimited, high quality HD porn your heart desires. Enjoy the hottest porno movies from just about any category you can imagine. Discover the sexiest naked pornstars and amateurs on Earth, only on the world's favorite sex tube - YouPorn!",Free Porn Videos - HD Porno Tube & XXX Sex Videos | YouPorn,berbahaya
147,https://drtuber.com,"DrTuber is the phenomenon of modern pornography. With almost 10 years history of publishing the hottest porn videos online, DrTuber.com still rocks hard!",New XXX Videos & Free Porn Movies @ DrTuber.com,berbahaya
148,https://extremetube.com,"YouPorn is your home for free XXX porn videos. Sit back and watch all of the unlimited, high quality HD porn your heart desires. Enjoy the hottest porno movies from just about any category you can imagine. Discover the sexiest naked pornstars and amateurs on Earth, only on the world's favorite sex tube - YouPorn!",Free Porn Videos - HD Porno Tube & XXX Sex Videos | YouPorn,berbahaya
149,https://slutload.com,Slutload has the best amateur and adult porn movies of all types. You have found the most reliable and high quality xxx free porn site.,"Free Porn Videos & XXX Movies - Porno, Sex Tube | Slutload",berbahaya
150,https://livejasmin.com,"Chat for FREE on LiveJasmin and watch HD Live Sex cam shows! 2000+ Models are waiting for You, no registration required.","Live Sex Cam Shows, FREE Chat with Webcam Girls | LiveJasmin",berbahaya
151,https://freeones.com,"FreeOnes has photos, videos and links of today's pro or amateur porn stars, the sexiest runway models and super models, and the top female celebrities.","FreeOnes, the Ultimate Babe Site since 1998!",berbahaya
152,https://tubegalore.com,"A huge database of free porn tubes, 10,000s of porn vids sorted by category. This is the only porn resource you'll ever need. TubeGalore, it's a vortex!",Tube Galore ‚Äì Free Porn Tubes,berbahaya
153,https://fakku.net,"FAKKU is the largest English hentai publisher in the world. Thousands of uncensored English hentai manga, comics, and doujinshi available.","Hentai Manga, Anime, Games and Comics - FAKKU",berbahaya
154,https://porntube.com,Watch FREE porn videos at PornTube.com with new porn videos added daily. Find Pornstars and download their free sex videos in HD and Mobile ready.,PornTube ¬Æ - Free Porn Videos,berbahaya
155,https://furaffinity.net,"Fur Affinity | For all things fluff, scaled, and feathered!",Index -- Fur Affinity [dot] net,berbahaya
156,https://suicidegirls.com,"SuicideGirls is a global adult community with beautiful naked tattooed and pierced models who share nude photos, blogs, livestreams and videos.",SuicideGirls,berbahaya
157,https://4tube.com,Free Porn Videos & Pornstars Sex Videos all Mobile and HD Ready on 4tube.com. Find Pornstars and all their XXX Videos to watch or download here.,"Free Porn Videos, XXX, Sex Tube Videos and Porno | 4tube",berbahaya
158,https://adameve.com,"Shop vibrators, dildos, prostate toys, couples kits & more at Adam & Eve. Trusted since 1971. Great prices, free gifts & discreet shipping.",Adam & Eve Adult Toy Store | Best Sex Toys for Men & Women,berbahaya
159,https://naughtyamerica.com,"The best porn movies daily at Naughty America! Experience the most seductive porn stars in stunning virtual reality, 4K and HD porn videos!",Naughty America - Official HD & VR Porn Site,berbahaya
160,https://gaytube.com,Xtube.com is no longer available. Watch FREE hardcore porn videos. The best Adult Community with both Straight and Gay Sex Movies full of hot 18+ amateurs.,XTUBE | Free Porn and Sex Videos - XXX Gay Porno,berbahaya
161,https://bangbros.com,"Here at Bang Bros, we only film the best highest quality porn with the sexiest Amateur girls and the top pornstars. Updated daily on Bangbros.com.",Bang Bros - Amateur HD Porn Videos and Reality Porn Sex Movies,berbahaya
162,https://motherless.com,Motherless.com is a moral free file host where anything legal is hosted forever. Motherless has a very large and active community where you can meet like minded individuals.,Go Ahead She Isn't Looking! | MOTHERLESS.COM ‚Ñ¢,berbahaya
163,https://efukt.com,"Adult humor for adults, Makers of Lulz. Shocking Humor, Porn bloopers, Porn Fails, Cam Whores, Amateur Porn and more.",Adult humor for adults | eFukt.com,berbahaya
164,https://alphaporno.com,Wide variety of best sex videos in many different niches is what Alpha Porno tube is famous for. Come for big selection of free hardcore porn daily.,Alpha Porno - Big Porn Tube of Best Sex Videos for Free,berbahaya
165,https://planetsuzy.org,"All Free Porn, Videos, Celebs, Vintage, Classic Porn, Pornstars, Models, Kinky, Fetish, BDSM, Gay, Ethnic, Gay, Bi-Sexual, Shemale, Ladyboy, Hentai, Anime, Amateur,Softcore, Hardcore,Men.",Free Porn & Adult Videos Forum,berbahaya
166,https://ashemaletube.com,"Free shemale porn videos, huge collection of free tranny porno movies. New shemale and tranny sex porn tube vids delivered to you everyday only at aShemaleTube.com","Shemale Porn, Free Tranny Porn Videos - aShemaleTube.com",berbahaya
167,https://pornmd.com,PornMD is a porn search engine that pulls all the best videos in from all of the best porn sites in the world. Search multiple sites at once.,PornMD: A Search Engine for ALL of the World's Best Porn Sites,berbahaya
168,https://brazzersnetwork.com,"Brazzers.com features the hottest pornstars in the most popular brazzers porn videos in the adult industry. Watch exclusive sex videos with big tits, hot asses, and more!",Brazzers | #1 Best Porn Site In the WORLD,berbahaya
169,https://tnaflix.com,"Watch free xxx porn videos & porno movies online at TNAFlix, world‚Äôs best hardcore sex tube site for hot HD porn streaming or download","Free Porn Videos On TNAFlix, Largest XXX Porno Tube Site",berbahaya
170,https://fapdu.com,"Pornhub is the world‚Äôs leading free porn site. Choose from millions of hardcore videos that stream quickly and in high quality, including amazing VR Porn. The largest adult site on the Internet just keeps getting better. We have more pornstars and real amateurs than anyone else. It‚Äôs fast, it‚Äôs free, it‚Äôs Pornhub!","Free Porn Videos & Sex Movies - Porno, XXX, Porn Tube | Pornhub",berbahaya
171,https://fuq.com,"Fuq.com is a porn site with millions of free videos. Our database has everything you'll ever need, so enter & enjoy ;)",Porn Videos @ Fuq.com,berbahaya
172,https://x-art.com,"X-Art features the world's finest HD erotic videos and erotic photography, gorgeous erotic models and nude models from the USA, Europe and South America, all shot with quality and clarity by top photographers.",X-Art ~ beautiful erotica.,berbahaya
173,https://perfectgirls.net,New free porn videos every day. Tons of adult movies in our archive. The only bookmark you need for all you free sex fantasies.,FREE PORN! FREE SEX! Perfect Girls Tube - 100 000 porn movies online,berbahaya
174,https://twistys.com,The hottest high quality glamour porn for over 18 years! Over 3700+ models and 46000+ scenes. TWISTYS.com,Twistys Lesbian Glam Porn | Twistys.com,berbahaya
175,https://men.com,"Check out the best gay porn site on the net with daily updates, award-winning original series, exclusive Men.com models and over 800 of the hottest guys in gay porn.",Men.Com - The Best Gay Porn Site,berbahaya
176,https://porn.com,"Free porn videos in the millions at PORN.COM the largest free porn tube in the worldüëç. Sex videos in HD, 4K on desktop or mobile. VR porn videos availableüçë.",ü•áFree Porn Videos - HD & VR Sex Videos - PORN.COM Porn Tube,berbahaya
177,https://pornoxo.com,Porno Tube videos and adult tube movies free to enjoy and presented by pornoxo. New free porno added daily on our exclusive pornotube.,Free Porno Videos and Pics at PornoXO.com,berbahaya
178,https://chaturbate.com,"Watch Live Cams Now! No Registration Required - 100% Free Uncensored Adult Chat. Start chatting with amateurs,  exhibitionists, pornstars w/ HD Video & Audio.","Chaturbate - Free Adult Webcams, Live Sex, Free Sex Chat, Exhibitionist & Pornstar Free Cams",berbahaya
179,https://apetube.com,Go ape on the best porn tubes here at ApeTube.com. We have more than 1.000.000 porn videos and they're 100% FREE! So enter and go bananas!,Free Porn @ Ape Tube!,berbahaya
180,https://gonzoxxxmovies.com,Tube-Style Free Porn Videos &amp; Movies. Free Porn at Gonzo XXX Movies. 100% FREE: Enjoy!,Porn Videos @ Gonzo XXX Movies,berbahaya
181,https://fleshbot.com,"Fleshbot: The hottest and longest running porn blog for pornstar interviews, sexy photos, hardcore videos and the newest adult DVDs.","Pornstar Blog, Porn Star News and Adult DVD Reviews | Fleshbot",berbahaya
182,https://nuvid.com,"Nuvid is the phenomenon of modern pornography. With almost 10 years history of publishing the hottest porn videos online, Nuvid.com still rocks hard!",New Porno Videos & Free Sex Movies @ Nuvid,berbahaya
183,https://badjojo.com,"Badjojo is the #1 free porn search engine, with millions of free videos. We have amateur, teen or milf videos from the best porn sites.",Badjojo Porn Search,berbahaya
184,https://sankakucomplex.com,"Anime, manga and games, observed from Japan","Sankaku Complex ‚Äì Anime, manga and games, observed from Japan",berbahaya
185,https://camfuze.com,"The best free live webcam shows of girls, mature women, couples, amateurs and pornstars. Watch cams of naked models and spy on them. Free to watch and free to chat.",Watch Free Live Female Sex Webcams with XXX Shows on CamFuze.com,berbahaya
186,https://cliphunter.com,Cliphunter delivers free porn movies with a fast porn tube experience.,"Free Porn, Sex Videos, XXX Tube | Cliphunter.com",berbahaya
187,https://eporner.com,"Watch Full HD Porn Videos for free. We have over 3,478,865 full length Hardcore HD Sex Movies in 720p, 1080p and 4K that you can watch online or download.",HD Porn Videos - Full High Definition Movies | EPORNER,berbahaya
188,https://slutroulette.com,Watch live sex cam on the adult cam Chatroulette : Free sex chat with hot cam girls! A live sex cam platform where nude girls put on free cam shows.,Slutroulette ‚Äì Free live sex cam adult chat version of Chatroulette,berbahaya
189,https://gaymaletube.com,GayMaleTube has the hottest gay porn. We cater to all your needs and make you rock hard in seconds. Enter & get off!,Gay Porn @ Gay Male Tube,berbahaya
190,https://gelbooru.com,"Millions of FREE hentai and anime videos, images, wallpapers, and more! No account needed, updated constantly!",Gelbooru | Free Anime and Hentai Gallery,berbahaya
191,https://elephanttube.com,Free Porn Movies ‚Äì ElephantTube. Enter and enjoy our large collection of porn. We have millions of FREE porn movies so visit us now!,Free Online Porn Videos :: ElephantTube,berbahaya
192,https://realitykings.com,Home of HD reality porn featuring the nicest tits and ass online! The hottest curvy girls in real amateur sex stories are only on REALITYkings.com,Reality Kings - The World's Best Real Porn Site,berbahaya
193,https://kindgirls.com,Nude girls free pictures and videos,Kindgirls: Nude girls in erotic photos and videos,berbahaya
194,https://boobpedia.com,"Boobpedia is a user-editable encyclopedia of women with big tits. Look up your favourite busty nude models and porn stars, or discover new favourites.",Big Tits - Boobpedia,berbahaya
195,https://imagefap.com,"Browse millions of hot free porn pics, sex GIFs, hot nude photo galleries, amateur XXX photos only on ImageFap, the world's largest porn pic sharing community.","Free Porn Pics, Adult Photos, XXX Images & Sex GIFs | ImageFap",berbahaya
196,https://vintage-erotica-forum.com,"Vintage Erotica Forums - #1 Vintage & Classic erotica forum on the web, over 400000 members!",Vintage Erotica Forums,berbahaya
197,https://hottystop.com,"Hottystop is a quality softcore website with hot teens, babes, hotties, and much more sexy content.","Hot Girls, Teen Hotties at HottyStop.com",berbahaya
198,https://mofos.com,"Mofos brings you the best amateur content in the world, with free videos of the most beautiful pornstars, hardcore action in stunning 4k. Enjoy thousands of videos to choose from @ Mofos",Mofos.com | The World's Best Amateur POV Porn Videos,berbahaya
199,https://youngpornvideos.com,"Free teen porn videos of hardcore HD sex with petite schoolgirls, cheerleaders, college girls, babysitters, and innocent virgins. All models are legal and 18+.","Young Porn Videos - Free Teen Porn, HD Hardcore XXX Sex Movies",berbahaya
200,https://pichunter.com,Free porn sex photos & nude pussy pics. PICHUNTER has the largest collection of free porn and is trusted since 2001.,"Free Porn, Sex & XXX Pics, Adult Photos, Hardcore, Nude Pussy - Pichunter",berbahaya
201,https://zootube365.com,animal sex videos horse sex dog porn with human beastiality porn videos bestiality zoo tube woman with dog animal porn horse cum on girl,Animal Sex Zoo Tube - free dog sex horse porn beastiality videos sex animal porn woman fuck,berbahaya
202,https://freeporn.com,Free Porn and XXX Sex Videos on Freeporn.com,Free Porn: XXX Sex Videos Freeporn,berbahaya
203,https://wetpussygames.com,"Wet Pussy Games offers the highest quality hentai Games, porn Games, sex Games, and all sorts of crazy hentai","Hentai Games, Sex Games, Anime Porn",berbahaya
204,https://pornerbros.com,PornerBros has free sex videos and porn videos. Watch and download our free porn videos in HD with new Videos every hour,"Free Sex Videos, XXX Porn Videos and Pornstars Porno | PornerBros",berbahaya
205,https://femjoy.com,Nude art photography and video of the world's most beautiful female models,FEMJOY - Pure Nude Art Female Photography And Videos - FEMJOY,berbahaya
206,https://dudesnude.com,"free gay pictures, videos, profiles, webcam and a friendly community of hot men",dudesnude,berbahaya
207,https://silverdaddies.com,"Free site with personal ads for fans of sexy daddies, silver foxes, mature men and naked daddies",SilverDaddies - dating for mature gay men,berbahaya
208,https://swinglifestyle.com,"Create a free account and meet real life swingers through adults personals, clubs, parties and more. Everything you need to start your sexual revolution.",Swingers Lifestyle Community | Adult Personals | Clubs & Events,berbahaya
209,https://givemegay.com,"Watch our Free Gay Porn Videos and find your favourite Twinks, Bears and Studs in our free gay Sex Videos",Free Gay Sex Videos & Porn | PornerBros,berbahaya
210,https://homemoviestube.com,Free Homemade Porno Tube with all user submitted sex videos and photos.  HomeMoviesTube.com - Your Amateur Porn Tube,"Homemade Porn Videos, Free Amateur Sex Movies, and Real Porno Photos at HomeMoviesTube.com",berbahaya
211,https://lobstertube.com,"LobsterTube has cooked up some of the best porn on the net. Millions of delicious porn tube movies are on the menu. Enter now, no need for reservations!",Sex Movies Tube | Lobster Tube,berbahaya
212,https://tubepleasure.com,"Porn videos: Milf, Mom, Stepmom, Lesbian, Interracial, Japanese, Teen, Massage, Shemale, Wife, Beauty, Threesome, Mature, Seduced, Anal and much more.",Tube Pleasure | Free Tube Porn Videos,berbahaya
213,https://flirt4free.com,"Interactive cam rooms with the hottest girls from around the world. From porn stars to amateurs to fetish models, our cam girls are always ready to play.",Flirt4Free - Flirt for Free with live Cam Girls,berbahaya
214,https://pornorama.com,PORNORAMA.COM = free porno in long streamable videos completely FREE.,Free porno videos - PORNORAMA.COM,berbahaya
215,https://voyeurweb.com,Free voyeur photos and videos of sexy nude housewives competing to win cash prizes,Real Voyeur Pics and Amateur Videos - VoyeurWeb,berbahaya
216,https://pornpros.com,Watch the best HD exclusive movies and videos on Porn Pros. All the hottest new Pornstar and amateur girls in High Definition updated daily.,"HD Porn, Hardcore Teen Sex Movies - PornPros",berbahaya
217,https://bravoerotica.com,BravoErotica.com provides thumbnailed links to the most beautiful nude models pussy on the net. Daily updated erotic picture galleries.,Erotic Pictures of the Most Beautiful Nude Girls Pussy @ Bravo Erotica,berbahaya
218,https://pornrabbit.com,"Free PORN Tube Videos and Sex Movies at PornRabbit.com. Daily updates of Naked Amateur Girls and XXX Pornstars in Sex Videos showing Pussy, Ass and Tits","FREE PORN Videos - Sex Tube Movies, XXX & Porno - PornRabbit.com",berbahaya
219,https://digitalplayground.com,DigitalPlayground.com is the leader in high quality adult blockbuster movies and award winning sex parodies that feature the most exclusive pornstars online! Adult Film Database of adult movies.,"Digital Playground - The Best Adult Movies, Porn Series and HD Sex Videos",berbahaya
220,https://madthumbs.com,"Free porno videos, amateur sex tapes, streaming pussy movies and the most free xxx porn of any tube on the planet. Updated constantly with high quality free porno videos.","Free porno Movies, Sex Tapes & XXX Clips | Madthumbs",berbahaya
221,https://orgasm.com,"Free Porn has never been hotter than it is at Orgasm.com, where you'll find all the latest Porn Stars, sex news, and the best selection of HD Porn Videos today!","Orgasm.com | Free Porn and Sex Videos, Free HD XXX",berbahaya
222,https://boyfriendtv.com,"Free gay porn videos, huge collection of free gay porno movies. New gay men twink sex porn tube vids delivered to you everyday only at BoyFriendTV.com","Gay Porn, Free Gay Porn Videos - BoyFriendTv.com",berbahaya
223,https://sunporno.com,"Your source of free porno videos. Famous pornstars, fresh HD videos from the best porn producers and homemade amateur stuff.","Free Porno Videos & Sex Movies - Porno, XXX, Porn Tube - SunPorno",berbahaya
224,https://gotgayporn.com,We love what we do here and we LOVE giving our loyal customers the hottest gay porn we can find around the internet. This is a one stop shop and the only gay porn tube you will ever need.,Free Gay Porn @ GotGayPorn.com,berbahaya
225,https://bravotube.net,Handpicked online streaming porn videos is what we have here for endless enjoyment. We have all the tube porn videos you need in here.,"BravoTube @ Porn Tube, Free Sex Videos",berbahaya
226,https://youporngay.com,Visit Youporngay.com for the best gay porn movies! Get hot 18+ twink hunks sucking huge cocks and having anal sex in free videos.,Gay Porn Movies - Huge Cock 18+ Twinks in Free Videos | Youporn,berbahaya
227,https://deviantclip.com,"DeviantClip has a huge library of hardcore porn, weird porn, and extreme porn. New XXX porn videos are added hourly for your viewing pleasure","Free Porn Tube Videos, Extreme Hardcore Porn, Free Sex Videos By DeviantClip",berbahaya
228,https://naked.com,Welcome to Naked. Free live cams and sex chat. Video chat live with amateur cam models and pornstars from around the world.,Naked - Free live nude cam models and sex chat,berbahaya
229,https://fuskator.com,Fuskator provides nude image galleries contributed by users similar to image dump sites.,"Fuskator - Just Porn Galleries, That's All",berbahaya
230,https://fux.com,"Free best sex videos in full HD. All porn film from hot Amateurs & Pornstars for FREE. Videos xxx porn of teens, lesbians, mature, anal, mom, black, asian...","Sex Videos, Free Porn Videos and Pornstars - FUX",berbahaya
231,https://tubekitty.com,"Tube Kitty is the perrr-fect tube site for FREE pussy movies. Different shapes and forms, find the best pussy for your pleasure! Meowww!",Check out the nicest pussy on Tube Kitty for FREE!,berbahaya
232,https://rk.com,www.rk.com,Reality Kings,berbahaya
233,https://imlive.com,Watch hot Woman | All Hosts cams shows on Live Webcam Sex . Our hosts get naughty on webcam and you can check them out on the Tiles View page.,Woman | All Hosts - Live Webcam Sex on ImLive.com | Tiles View,berbahaya
234,https://theeroticreview.com,"The Erotic Review is the top community of escorts, hobbyists and service providers. Find escort reviews, site reviews, discussion boards, live chat and guides.",The Erotic Review,berbahaya
235,https://squirt.org,Find hot local gay or bi men and search for the best cruising spots on Squirt.org. Use our cruising directory and profiles to realize your sexual fantasies.,"Gay Hookup, Dating, Cruising and Sex Site",berbahaya
236,https://joymii.com,"JoyMii brings to you the most sensual porn featuring young women in erotic sex scenes. Porn can be artful, erotic, and pure. And that's what we give you!",Artful Sensual Porn And Erotic Sex Pics | JoyMii,berbahaya
237,https://watchersweb.com,"Free, Homemade porn, Voyeur, Milf and Amateur submitted Photos","Watchersweb, Homemade Porn, Real Voyeur and Amateur Sex pictures wives girlfriends",berbahaya
238,https://definebabe.com,"DefineBabe is a global database of all pornstars and babes who have ever been filmed for online adult industry. We are trying to keep this information up-to-date. Here you will find bio, pics galleries and video clips content of a fair amount of babes","Define Sexy Babes - hot video clips, nude pic galleries and babe bio",berbahaya
239,https://nifty.org,A freely-accessible archive of tens of thousands of sexually-explicit erotica stories,Nifty Erotic Stories Archive Website,berbahaya
240,https://entensity.net,Entensity has something for everyone!,Entensity.net - Updated Daily,berbahaya
241,https://fling.com,Fling is the best online dating website for Adults. Trade pictures and speak with others on webcam or mobile before hooking up.,Fling OFFICIAL - Biggest Adult Personals & Dating Site,berbahaya
242,https://hotmovies.com,"210,000+ full-length adult videos on demand in a perfectly organized database. State-of-the-art search tools get you right to the movies you want to...","Hot Movies: Porn Database, Adult Video on Demand, Porn Stars",berbahaya
243,https://babes.com,The BABES.com pornsite offers perfect girls in HD sensual porn. Check out our free tour for a tastes of whats inside.,Babes - Hot Girls in HD Sensual Porn Videos,berbahaya
244,https://submityourflicks.com,Amateur Porn is our game. We have been bringing you the best homemade amateur porn on the internet for years.,Homemade Amateur Porn - SubmitYourFlicks.com,berbahaya
245,https://xxxymovies.com,"Over 125,000 Free XXX Movies! The Ultimate Free Porn Tube Site with new Porn Videos Everyday! Porn Stars and Amateurs - Watch or Download For Free!",Free Porn Movies | 100% Free HD Porn Videos XXX Movies | XXXYMovies.com,berbahaya
246,https://4porn.com,"4PORN.com has massive collection of free porn, porn videos and best hardcore movies online! Let us show you that internet is 4 PORN!! Stepmom, Beauty, Mom, Milf, Japanese, Teen, Maid, Shemale, Seduced, Surprise, Cheating, Lesbian, Massage, Big Ass, Big Cock and much more.","4 Porn - Porn, Free Porn, Tube Porn, Porn Movies, Porn Clips",berbahaya
247,https://cams.com,Thousands of free and private live sex cams and adult chat with HD streaming video and audio. Watch real amateurs and pornstars online 24/7.,"Cams.com - Free Sex Cams, Live Sex Chat 24/7 - Cams.com",berbahaya
248,https://youngleafs.com,"Free Porn Movies, Tube Videos, Porno Clips","Free Porn Videos, Tube Sex Movies - XXX Porno, Pussy In HD",berbahaya
249,https://worldsex.com,"Worldsex offers free sex pics and xxx porn movies since 1996. Watch or download free Mobile porn, see xxx tube movies from recent and popular pornstars",Free Sex Pics and Videos | Mobile porn XXX at Worldsex.com,berbahaya
250,https://adultwork.com,"Adult Entertainment Service Provider Directory & more - Escort, Webcam, Phone Chat/Sex & Movies","AdultWork.com - Adult Service Providers & Erotic Content - Escorts, Webcammers, SMS & Phone Chat/Sex, Movies, Galleries & Auctions",berbahaya
251,https://greengaytube.com,Very fast gay tube. High quality videos have been collected from thousands sites. New films are added every hour.,"Green Gay Tube. Free streaming videos. XXX sex movies, porn clips.",berbahaya
252,https://largeporntube.com,Watch FREE porn videos at PornTube.com with new porn videos added daily. Find Pornstars and download their free sex videos in HD and Mobile ready.,PornTube ¬Æ - Free Porn Videos,berbahaya
253,https://hornywhores.net,"Free Sex, Free Porn, Free Direct Download","HornyWhores.net | Free Sex, Free Porn, Free Direct Download",berbahaya
254,https://taxidrivermovie.com,"Hottest Nude Celebs, Photos, Pictures, Videos and more at Taxidrivermovie.com. Celeb porn pictures like you have never seen before. Photos added daily!","Free Nude Celebs & Pornstars - Sex Photos, XXX, Images, Categories - Taxi Driver Movie",berbahaya
255,https://hot-sex-tube.com,Daily updated free porn tube,"Hot-Sex-Tube.com - Free porn videos, XXX porn movies, Hot sex tube",berbahaya
256,https://scoreland.com,Welcome to Scoreland: #1 in Big Boobs! Big tit videos and photos of the world's biggest tits.,#1 in Big Boobs - Scoreland,berbahaya
257,https://aebn.net,Trusted Adult Video Provider Since 1999 ‚Äì Thousands of XXX Videos On-Demand from the Hottest Adult Studios and Porn Stars.,"AEBN ‚Äì XXX Adult Video Streaming, Downloads & Rentals",berbahaya
258,https://boysfood.com,"Free Porn Videos available online for instant play or download, no signup is required for our FREE PORN, just click and play our Free Porn Videos now.",FREE PORN Videos. Full length Porn Movies & clips - BoysFood.com,berbahaya
259,https://jjgirls.com,"JJGirls Japanese AV Idols Sex Photo Porn Pics Jav Tube xXx Movie TGP  ! JJGirls Daily Japanese DMM R18 JAV AV Idols Porn Pictures Sex Photos xXx Tubes. Free Japanese pussy pictures, Japanese schoolgirls, JAV girls, Nude Japanese babes, Asian sex Movies, Asian porn videos, Asian girls images, Japanese bukkake bondage with Asian Porn Pics TGP, Japanese Porn Tube!",JJGirls Japanese AV Idols Sex Photo Porn Pics Jav Tube xXx Movie TGP,berbahaya
260,https://eroticbeauties.net,"Browse over 250k nude photos of beautiful naked women for free at Erotic Beauties. Discover our growing collection of hand picked nude picture galleries, updated daily.",Beautiful Naked Women & Sexy Nude Pics | Erotic Beauties,berbahaya
261,https://fulltubemovies.com,Watch the hottest videos from Brazzers in one site for free. We bring you the best videos from our collection for your enjoyment.,Brazzers XXX Free Porn Videos Library- Watch Adult Film,berbahaya
