,Category,URL,Description
0,Porn,pornhub.com,"Free Porn Videos & Sex Movies - Porno, XXX, Porn Tube and Pussy Porn - Free porn sex videos &amp; pussy movies. Porn hub is the ultimate xxx porn,sex and pussy tube, download sex videos or stream free xxx and free pussy movies."
1,Porn,xvideos.com,Free Porn Videos - XVIDEOS.COM - XVIDEOS Free Porn Videos free
2,Porn,xhamster.com,XHamster's Free Porn Videos - xHamster's Free Porn Videos. Biggest collection of free amateur porn videos! Tons of well organized movies are waiting for you
3,Porn,redtube.com,Free Porn Sex Videos - Redtube - XXX Movies - Home of Videos Porno - RedTube brings you new free porn videos every day. Watch great xxx sex videos and pornos at the best free pussy and porn tube site on the web.
4,Porn,xnxx.com,"Free Porn, Sex, Tube Videos, XXX Pics, Porno Movies - XNXX.COM - XNXX delivers free sex movies and fast free porn videos (tube porn). Now 1 million+ sex vids available for free! Featuring hot pussy, sexy girls in xxx rated porn clips."
5,Porn,myfreecams.com,"MyFreeCams.com - The #1 adult webcam community. Free live webcams and video-chat. - MyFreeCams is an interactive free live webcam community for adults, featuring beautiful models and amateurs in live video-chat rooms with sound."
6,Porn,youjizz.com,"Porn Tube, You Porn, Free Porn Movies, Porntube, Sex Tube, Pornotube, Porno Tube, Sextube, Mobile Porn - Youjizz Porn Tube! Free porn movies and sex videos on your desktop or mobile phone."
7,Porn,youporn.com,"Porn Videos, Sex, XXX, Free Porn - YouPorn - You Porn.com is the largest porn site on the web with the best variety of free full length porn videos - XXX, sex, porno, hardcore sex and more"
8,Porn,tube8.com,Tube8 :: Free Sex Videos - The Free Porn Tube Video Site - Streaming the best free porn videos on Tube 8. We have the Best SEXtube on the net giving you the HOTTEST free sex movies & porntube videos.
9,Porn,cam4.com,"Free Live Sex Webcams - Free Live Cams Sex Chat - Click here for Free Webcams. Watch live web cam shows of girls, men, couples, & transgender. Free cams of amateur exhibitionists. Free to broadcast, free to watch, free to chat."
10,Porn,playboy.com,"Hot Girls, Sexy Girls, Naked Women, Nude Pics, Sexy Women, Playmates, Playboy Magazine, Naked Celebs, Playboy.com - See hot girls, nude girls, naked women in sexy pics and videos. Find hundreds of hot girls posing nude for Playboy, including naked celebs and Playmates. Browse Playboy magazine artic"
11,Porn,spankwire.com,"Free Porn, Sex Videos 4 You, Porno Hub, Porn Tube, XXX Movies - Free porn video tube site updated constantly. Selective hot xxx porno, sex videos. Free Ipad streaming Porn in adult site with sex videos, teens, big tits,hentai movies."
12,Porn,xtube.com,"Xtube :: Free Porn, Sex Movies & Porn Tube - XXX Gay Porno Videos - Enjoy FREE hardcore porn videos at Xtube. The best Straight Sex Movies and Gay XXX Hardcore Porno with Anal, BIG Cock, Big Tits, Hot Teens and Sex Clips."
13,Porn,brazzers.com,"Best HD Porn Site For Big Tit Pornstar Videos & Milf Movies - BRAZZERS - Watch the best exclusive HD porn videos & free mobile porn updated daily. Brazzers porn, now available on Iphone & Ipad, is the leader in big tits and milf pornstars movies."
14,Porn,beeg.com,Beeg. - 8-40 min long quality porn videos. Sorted by date.
15,Porn,yourlust.com,Free porn tube videos at YourLust! XXX tube sex movies of fucked sexy babes. Long porn tube movies! - YourLust.com is your daily source for free porn tube videos. You'll always find the hottest XXX sex tube movies. YourLust - is your favorite tube porn hub!
16,Porn,clips4sale.com,"Amateur Porn | Fetish Porn Videos - Clips4sale - Download over 5,000,000 adult amateur porn fetish sex hardcore movies, videos and clips. 600 fetish categories, 50,000 different studios. Clips4Sale.com has everything from anal sex to armpit tickling. The largest collection of fetish videos and amat"
17,Porn,keezmovies.com,"Free Porn Tube, Sex Videos, Porno Clips,XXX Pornstars- Keez movies - Hot free porn tube movies, XXX amateur sex videos, & upload Your Own porno movies. See the hottest porn stars having sex at the best porntube Keezmovies.com"
18,Porn,drtuber.com,"Free Porn Videos, Free Sex Tube Movies, Mobile Porn - DrTuber.com - Watch Our Big Collection of Free Porn Videos. Download Free Porn Movies and Mobile Porn. Share Your Own Sex Movies on DrTuber.com!"
19,Porn,hardsextube.com,"Hard Sex Tube -  for every fan of hot porn videos and free porn - Check out tons of hottest porn videos and hot sex scenes with the finest porn stars doing their stuff or with amateur sex cuties who love rough sex and hard anal sex. Or enjoy some fine group sex scenes, you pick. "
20,Porn,extremetube.com,"Extremetube:: Free Extreme Anal Sex Porn Tube and Bondage Videos - Looking for FREE ANAL SEX VIDEOS? Extreme tube brings you bondage, femdom and extreme hardcore porn videos. Free Bondage Porno Clips and Extreme Sex"
21,Porn,slutload.com,SlutLoad ™ - Free Porn Videos / Upload Porn For Free - Worlds Largest Adult Video Sharing Community. Upload porn for free. Best Porn Tube
22,Porn,livejasmin.com,LiveJasmin.com - The World`s #1 Most Visited Video Chat Community - LiveJasmin.com | The World`s #1 Most Visited Video Chat Community - Free Live Sex Video Chat
23,Porn,oglaf.com,Rite of Passage
24,Porn,freeones.com,Freeones: the Ultimate Supermodels - Celebs - Pornstars Link Site - Freeones; biggest resource to find porn stars and famous hot babes
25,Porn,tubegalore.com,Free Porn Movies - Tube Galore . com - Free Porn Movies - Tube Galore . com
26,Porn,fakku.net,"FAKKU | All About Hentai - FAKKU is the largest English speaking hentai website in the world. Thousands of hentai manga, streaming hentai, flash games, visual novels, and more!"
27,Porn,porntube.com,"PornTube ™ - Free Porn Movies - Watch 1000's of FREE porn videos at PornTube.com with dozens of new videos added daily. Search by Pornstar or Browse by Anal, Asian, MILF, Lesbian, Massage, Creampie, Mature, POV, Squirting, Cumshot..."
28,Porn,fetlife.com,"Bondage, BDSM & Fetish Community - FetLife"
29,Porn,furaffinity.net,"Index -- Fur Affinity [dot] net - Fur Affinity, the internet's largest online furry art community."
30,Porn,suicidegirls.com,"Beautiful naked girls with tattoos, nude tattooed girls, naked emo girls, nude pin up girls, naked punk rock girls | Suicide Girls - SuicideGirls is an adult lifestyle brand that redefines beauty with our unique pin up girls and active, smart online community. Members enjoy beautiful and artistic n"
31,Porn,4tube.com,Free Porn Videos | 4tube  - Watch over 162539 porn videos and 3897 Pornstars for FREE on 4tube.com - updated with dozens of new videos every day!
32,Porn,edenfantasys.com,"Sex toys, lingerie and sexual wellness products for all your needs. - EdenFantasys.com is the sex toys shop you can trust and a welcoming sex-positive community. Enjoy daily promotions, free shipping, product reviews and excellent service."
33,Porn,adam4adam.com,"Adam4Adam - Free online dating & hookup, gay, chat, cam   - FREE, Gay dating and hookup, chat, cam. Hot sexy studs seeking to date hot guys in NYC, New York, Miami Los Angeles, San Francisco, San Diego, Fort Lauderdale, Washington DC, Chicago, London, Paris, Toronto, Montreal"
34,Porn,adameve.com,"Adam & Eve Adult Store - Shop Erotic Sex Toys and Adult Novelties   - Sex Toys, Vibrators, Dildos, Cock Rings and a variety of other adult products at the most well known name in the adult industry; Adam & Eve est. 1971."
35,Porn,adultfriendfinder.com,"Adult Friend Finder | Adult Personals, Swingers & Free Sex Chat"
36,Porn,naughtyamerica.com,"Milf Porn, Milf Movies Featuring Hot Milf Sex Videos - Naughty America - Watch 1000’s of Hot Milf Porn & Milf Videos by Naughty America. This Pornstar & Milf Porn Site Has the Hottest Milf Videos Online!"
37,Porn,literotica.com,"Literotica - 100% free sex stories, erotic audio, adult fiction with wifeslut, bdsm, etc! - Literotica free sex stories, erotic fiction and adult audio. Wifeslut, bdsm, xxx, fetish, mature, and free sexual fantasies. Porn storys updated daily! Story submissions accepted."
38,Porn,gaytube.com,"GayTube Free Gay Videos and Free Gay Porn Featuring Real Gay Sex - Gaytube the ultimate free gay video site featuring gay sex, porn, videos, live chat, streaming movies, and over 400,000 members"
39,Porn,shufuni.com,"Free Porn, Sex Videos | Shufuni   - Free Porn videos, Live Sex videos and XXX adult content photo sharing on Shufuni. Enjoy live sex chat, porn community and amateur videos"
40,Porn,bangbros.com,"Welcome to Bangbros Exclusive Porn Videos - Welcome to Bangbros, the premier porn website! Featuring exclusive videos in high definition. 100's of the hottest girls out there!"
41,Porn,motherless.com,MOTHERLESS.COM - Go Ahead She Isn't Looking!  - motherless.com is a free file host where anything legal goes. it has a live chat and boards including an anonymous confession section.
42,Porn,nudevista.com,"NudeVista Free Porn Search Engine - The porn search engine geared by porn tube clips, adult video and photo galleries, pornstars and other adult stuff. 51,651,175 tube videos; 11,793,506 porn galleries and 21,208 adult models indexed! Magic Teapot"
43,Porn,efukt.com,EFukt.com | adult humor for adults
44,Porn,alphaporno.com,"Alpha Porno - Free XXX porn TUBE MOVIES. Free Sex Video - Alpha Porno - Free porn tube videos. Watch free XXX porntube movies, sex video clips online!"
45,Porn,planetsuzy.org,"Free Porn & Adult Videos Forum - All Free Porn, Videos, Celebs, Vintage, Classic Porn, Pornstars, Models, Kinky, Fetish, BDSM, Gay, Ethnic, Gay, Bi-Sexual, Shemale, Ladyboy, Hentai, Anime, Amateur,Softcore, Hardcore,Men."
46,Porn,ashemaletube.com,Shemale Tube - Free Shemale Porn Videos - Free Tranny Porn Tube - Free adult shemale videos and tranny sex movies. Everyday you will find new shemale porn on aShemaleTube.com
47,Porn,tblop.com,TBLOP - The Big List of Porn - TBLOP (The Big List Of Porn) is an organized list of good porn sites (with no blind links)
48,Porn,pornmd.com,PornMD: A Search Engine for ALL of the World's Best Porn Sites - PornMD is a porn search engine that pulls all the best videos in from all of the best porn sites in the world. Search multiple sites at once.
49,Porn,brazzersnetwork.com,"BrazzersNetwork - Best HD Porn Site For Pornstars with Big Tits & Milf Movies - The best exclusive porn videos on the net updated daily. Brazzers is the leader in xxx , big tits, milf, and sex movies."
50,Porn,empflix.com,"Free Porn Videos, Free Sex, XXX, Free Porn Tube - EmpFlix - EmpFlix free porn tube largest porn hub of free porn xxx movies for you to jizz over on Empflix sex tube. We have Full hardcore sex tube videos that you can subscribe to our porn rss feeds.  Videos Porno Gratis tube Los Mejores Videos De S"
51,Porn,tnaflix.com,"Free Porn Videos, Porn Tube, Free Porn, Free Porno Movies, Free Sex - Free Porn Videos on TNAflix.com is the best free streaming porn and sex site for Full Free Porn movies. Free streaming porn and Free Adult Movie Downloads"
52,Porn,ftvgirls.com,"FTVGirls - Meet the Models of FTV nude model, nude model video, nude model photo, hardcore video - First Time Videos - FTVGirls - Meet the Models of FTV, nude model, nude model video, nude model photo, hardcore video, FTV Girls The  Net's Place For First Time Videos!, nude model, nude model video, "
53,Porn,pornbb.org,"Free Porn Videos, Fast & Free Porn Forum - pornBB - Free Porn Videos, Fast &amp; Free Porn Forum : Free Porn videos - Free instant porn, no sign up required - fastest free porn site on the net - pornbb.org "
54,Porn,manhub.com,"Man Hub ™ - Free Gay Porn Movies Updated Daily On Our Gay Tube - 100% Free Gay Tube with gay porn movies, big dick clips, user uploaded porn videos and photos. Updated daily!"
55,Porn,fantasti.cc,Fantasti.cc - The Best Adult Entertainment - Fantasti.cc is an adult site edited by you and your friends.
56,Porn,fapdu.com,"Fapdu - free porn tube, search, videos & pornstars - fapdu is a free porn search engine & porn tube hosting 3 million videos. Fap, discuss & share movies, pics, pornstars, channels on our community."
57,Porn,fuq.com,"Fuck Tube, Porn Videos - FuQ.com - Fuck Tube, Porn Videos - FuQ.com"
58,Porn,x-art.com,"X-Art.com ~ beautiful erotica. - X-Art features the world's finest HD erotic videos and erotic photography, gorgeous erotic models and nude models from the USA, Europe and South America, all shot with quality and clarity by top photographers."
59,Porn,perfectgirls.net,FREE PORN! FREE SEX! Perfect Girls Tube - 100 000 porn movies online - Over 200 best porn videos every day. One place for all worth to see porn clips from 10 main porn tube sites.
60,Porn,nubiles.net,Nubiles.net - Massive Collection of the Worlds Freshest Legal Hotties - pics of nubile age girls
61,Porn,xxxbunker.com,"Xxxbunker.com : the worlds largest xxx tube site - XXXbunker is the biggest porn tube on the web with the largest selection of free full length porn videos and new videos added daily. Porn, XXX, Pussy, Sex and more!"
62,Porn,jizzhut.com,"Porn Tube, You Porn, Free Porn Movies, Porntube, Sex Tube, Pornotube, Porno Tube, Sextube, Mobile Porn - Youjizz Porn Tube! Free porn movies and sex videos on your desktop or mobile phone."
63,Porn,videarn.com,Free Streaming Porn Tube Videos - Make Money Submit Sex Videos - Free streaming amateur porn tube video clips featured on VidEarn. Earn money from your sex video submissions.
64,Porn,twistys.com,Twistys - Beautiful Nude Girls in Erotic Photos & Porn Videos! - Watch beautiful Twistys models bare it all in high quality HD porn videos & photos! Visit now & enjoy over 3400 of the hottest nude girls updated daily!
65,Porn,men.com,Men
66,Porn,met-art.com,MetArt - Erotic Photography With The Met Art Models
67,Porn,porn.com,"The Best Free Porn Tube, XXX, Porno and Sex Videos - PORN.COM - Free porn mega site; PORN.COM, worlds greatest adult video porn tube! Super fast video streams & downloads of only the best hardcore sex videos & the newest adult DVD's."
68,Porn,pornoxo.com,Porno tube - Adult Streaming Sex Tube Videos at PornoXO - page 1 - porno Tube videos and adult tube movies free to enjoy and presented by pornooxo. New free porno added daily on our exclusive pornotube.
69,Porn,myredbook.com,"San Francisco Bay Area Escort, Massage Parlor Guide : myredbook - San Francisco Bay Area Escorts, incall, outcall, escort agency, massage parlors, AMP, AAMP, escort reviews, classified ads"
70,Porn,video-one.com,Video One - free porn movies - video search - Video One is a free porn tube site gathering a lot of tube porn videos. video-one.com help you search best porn streaming videos!
71,Porn,chaturbate.com,"Chaturbate - Free Adult Webcams, Live Sex, Free Sex Chat, Exhibitionist & Pornstar Free Cams"
72,Porn,apetube.com,"Free porn tube categories, porn videos. ApeTube - Free porn tube categories, porn videos. ApeTube"
73,Porn,gonzoxxxmovies.com,Gonzo XXX Movies - Free Porn Videos & Movies - Tube-Style Free Porn Videos & Movies. Free Porn at Gonzo XXX Movies.
74,Porn,fleshbot.com,Fleshbot | Pure Filth
75,Porn,nuvid.com,"FREE XXX Porn Videos & Sex Movies - Porn Movies & Pics - Porn Tube NuVid.com - Free porn sex videos & pussy movies. Thousands Free Porn Tubes Everyday at NuVid.com. All categories of stream sex videos & xxx adult movies. Best Livecam, Hardcore & Blowjob Porn."
76,Porn,adultbay.org,"The Adult Bay - Download quality Porn Movies, DVDs, Clips, Magazines and much more for free. The Adult Bay is the world's best porn blog."
77,Porn,badjojo.com,"Porn Tube Search | Free Porn Videos - Search free porn tubes with our reliable adult search engine, we have millions of free porn videos indexed from major porn sites."
78,Porn,sankakucomplex.com,"Sankaku Complex - Anime, manga and games, observed from Japan - Sankaku Complex offers total coverage of anime, manga, games, doujinshi, cosplay, seiyuu, idols, along with galleries, videos, and image sharing."
79,Porn,camfuze.com,"CamFuze Free Webcams - The best Free Webcams. Watch live web cam shows of girls, men, couples, shemales, celebrities, and pornstars. Free cams of amateur exhibitionists voyeurs. Free to broadcast, free to watch, free to chat."
80,Porn,cliphunter.com,"Free Porn Videos & Sex Movies - Porno, XXX, Porn Tube and Pussy Porn - Cliphunter provides the largest collection of free porn movies of hot pornstars, amateurs, sexy girls, xxx clips and tube videos."
81,Porn,kink.com,"BDSM and Bondage Videos - Kink.com - Premium BDSM and Bondage sites for every fetish such as FemDom, gay bondage and gay BDSM. New BDSM videos and bondage videos added all the time."
82,Porn,eporner.com,"EPORNER Free HD Porn Tube - XXX, HD Porn Videos, Homemade Sex Photos - Free hd porn tube - HD quality videos and photos. Watch full hd porn videos both amateur and professional. Homemade sex photos, videos and more. "
83,Porn,slutroulette.com,An Adult Chatroulette :: interact with free live webcam girls on Slutroulette.com - A chatroulette sex platform where live girls put on free cam shows.  Registration is free.
84,Porn,gaymaletube.com,Gay Male Tube - Free Porn Videos & Movies - Tube Style Free Porn Videos & Movies. Free Porn at Gay Male Tube.
85,Porn,gelbooru.com,"Gelbooru | Hentai and Anime Imageboard - Gelbooru is one of the largest hentai and safe image resource available! Over a million images for you to search and view, and it is all free!"
86,Porn,elephanttube.com,Free Porn Movies - Elephant Tube - Free Porn Movies - Elephant Tube
87,Porn,vp7.com,VP7 Porn Tube Movies
88,Porn,penthouse.com,Penthouse.com: Penthouse Pets and the World's Sexiest Women Since 1973 - The Hottest Penthouse Pets and Gorgeous Porn Stars in Stunning HD and 3D Videos and the Best Erotic Photos. Penthouse.com - the leader in Adult Entertainment.
89,Porn,realitykings.com,Reality Kings ™ - World's Best Real Porn Site - Realitykings.com official site. Featuring over 5000 girls and daily updates!
90,Porn,kindgirls.com,Kindgirls: Nude girls in erotic photos and videos - Nude girls free pictures and videos
91,Porn,asstr.org,Alt.Sex.Stories Text Repository
92,Porn,boobpedia.com,"Big Tits - Boobpedia - Boobpedia is a user-editable encyclopedia of women with big tits. Look up your favourite busty nude models and porn stars, or discover new favourites."
93,Porn,imagefap.com,"Free Porn Pics, Sex, Free Porn, Porno, XXX, Teen Porn, Big Tits, Shemales at ImageFap.com! - ImageFap is the biggest adult porn pics site. Free porn pics of all niches and fetishes, teens, amateurs, anal, shemales, asian, gay. New free porn pics added every minute."
94,Porn,anilos.com,Anilos - Hardcore Mature Women of Interest - Anilos Warning Page
95,Porn,vintage-erotica-forum.com,"Vintage Erotica Forums - Vintage Erotica Forums - #1 Vintage & Classic erotica forum on the web, over 400000 members!"
96,Porn,yuvutu.com,"Video - Free Porn Videos, Free Amateur Porn, TV Sex Porno XXX- yuvutu"
97,Porn,hottystop.com,"Hot Girls, Teen Hotties at HottyStop.com - Hottystop is a quality softcore website with hot teens, babes, hotties, and much more sexy content."
98,Porn,mofos.com,"Mofos - Best Real Amateur Girls Porn Site & Amateurs Have Gone Wild - Find the hottest real amateur girls with the best tight asses, wet pussy & natural boobs having sex in POV porn videos. Brought to you exclusively by mofos.com"
99,Porn,youngpornvideos.com,"Free Young Porn Videos - XXX Teen Porn, Young Sex Movies & Teen Clips - Porn videos featuring teen xxx sex movies with clips of the hottest young porn stars and videos for free. All models are legal and 18+."
100,Porn,pichunter.com,"Free Porn, Porn Tube, Free Porn Videos, Amateur Porn, Sex Movie, Porn - Pichunter.com - Porn movies & free sex videos. Pichunter.com brings you free porn videos, free sex movies and free porn movies. Our Porn site is full of free porn photos."
101,Porn,iafd.com,"Movie and pornstar database -  iafd.com - internet adult film database -  The Internet Adult Film Database is an on-line searchable database of over 127,021 adult movies titles and 117,608 porn performers. We also have links to over 104,954 reviews and 250,000 titles in our price search engine."
102,Porn,zootube365.com,"Animal Sex Tube - free animal porn, dog sex, horse fuck, porno beastiality, bestiality girl, human with animal, woman xxx videos - free animal sex videos, horse fuck, dog sex with human, beastiality porn videos, bestiality zoo porno, woman with dog, horse cum on girl"
103,Porn,freeporn.com,"FREEPORN - The Official Porn Tube for XXX Sex Videos - Free porn movies and free sex videos. FREEPORN brings you free porn videos, free sex movies and XXX porn movies. Our Porn tube is full of free porn clips."
104,Porn,wetpussygames.com,"Adult Games & Hentai Movies - Wet Pussy Games offers the highest quality Adult Games, Hentai Movies, and Adult Cartoons"
105,Porn,vid2c.com,"Free Porn Tube Free Porn Videos Free Sex Videos Hot Sex Pussy Movies and XXX Video! - Free porn free sex and free pussy movies at Vid2C.com hot sex tube, porn xxx tube, watch free porn videos or stream online free sex video and free pussy porn movies"
106,Porn,pornerbros.com,Free Sex Videos - Hot Sex Movies - Free Porn Tube | Pornerbros.com - Watch free porn videos at PornerBros.com. The best free sex tube with the hottest collection of online videos. Watch now!
107,Porn,e621.net,E621
108,Porn,femjoy.com,FEMJOY - Pure Nude Art Female Photography And Videos - FEMJOY - Nude art photography and video of the world's most beautiful female models
109,Porn,dudesnude.com,"Dudes nude | gay videos, pictures and profiles - free gay pictures, videos, profiles, webcam and a friendly community of hot men"
110,Porn,discreethearts.com,DiscreetHearts
111,Porn,silverdaddies.com,"SilverDaddies - dating for mature gay men - Free site with personal ads for fans of sexy daddies, silver foxes, mature men and naked daddies"
112,Porn,swinglifestyle.com,Adult Swingers Personals Service and LifeStyle info. - Adult Swingers Personals for all LifeStyle couples.  Swingers ads - Swinger Club - Swingers Search - Swingers Chat - Adult Swingers.  Everything you need to start your sexual revolution.
113,Porn,givemegay.com,Free Gay Porn - Gay Tube - Watch Gay Videos | GiveMeGay.com - Watch free gay porn videos at GiveMeGay.com. The hottest gay sex tube with best collection of full-length and HD gay videos online.
114,Porn,anonib.com,AnonIB // Best Anonymous Image Board
115,Porn,homemoviestube.com,"Free Amateur Porn & Homemade Porn | All User Submitted Videos and Photos at HomeMoviesTube.com - Free amateur porn, amateur sex and homemade porn videos and photos submitted by real users. Over 25,000+ free videos and photos. Real couples, girlfriends, wives and more!"
116,Porn,lobstertube.com,Sex Movies Tube - Sex Movies Tube - Lobster Tube
117,Porn,tubepleasure.com,Tube Pleasure | Free porn tube videos - Daily updated free tube videos. Categorized porn movies and much more!
118,Porn,flirt4free.com,Chat Free on Cam: Live Sex Adult Webcams - Flirt4Free - Chat free with live cam girls and create your own sexual fantasy show. Flirt with beautiful girls and watch amateur adult sex on webcam 24 hours a day. 
119,Porn,pornorama.com,Free porno videos at PORNORAMA.COM - PORNORAMA.COM = free porno in long streamable videos completely FREE.
120,Porn,89.com,"Free Porn - 89.com - Free Adult Directory - 89 - Free porn, Free Sex - Free Porn Movies, Free porn pictures, Free porn videos, Free porn sites, Free sex, Adult Directory, 100% Free"
121,Porn,voyeurweb.com,Welcome to the free Voyeurweb - the world's biggest sexy amateur photo and erotic video community - The original free Voyeurweb - Monthly erotic photo contests - Post your girls now - Photos&Videos of your nude wife or naked girlfriend
122,Porn,pornpros.com,"HD Porn, Hardcore Teen Sex Movies - Porn Pros - Watch the best HD exclusive movies and videos on Porn Pros. All the hottest new Pornstar and amateur girls in High Definition updated daily."
123,Porn,bangyoulater.com,"Free Porn, Sex Videos, Pussy Movies, Porn Tube, Free XXX Porno - BangYouLater.com - Free porn videos and sex movies. Stream or download porno clips, full free xxx videos and pussy movies. The best porn tube online!"
124,Porn,bravoerotica.com,Erotic Pictures of the Most Beautiful Nude Girls Pussy @ Bravo Erotica - BravoErotica.com provides thumbnailed links to the most beautiful nude models pussy on the net. Daily updated erotic picture galleries.
125,Porn,pornrabbit.com,"FREE PORN Videos - Sex Tube Movies, XXX & Porno at Pornrabbit - Free PORN Tube Videos and Sex Movies at PornRabbit.com. Daily updates of Naked Amateur Girls and XXX Pornstars in Sex Videos showing Pussy, Ass and Tits"
126,Porn,digitalplayground.com,Digitalplayground
127,Porn,madthumbs.com,Free Porn Videos - MadThumbs™ - Free Porn Videos and Sex Movies updated EVERY day!
128,Porn,hentai-foundry.com,Hentai Foundry - DEFAULT_PAGE_DESCRIPTION
129,Porn,orgasm.com,"Free Porn & Sex Videos - Free HD XXX - Orgasm Porn Tube - Free Porn has never been hotter than it is at Orgasm.com, where you'll find all the latest Porn Stars, sex news, and the best selection of HD Porn Videos today! "
130,Porn,hegre-art.com,Home - Hegre-Art.com
131,Porn,boyfriendtv.com,Gay Tube - Free Gay Porn Free Gay Videos at BoyFriendTV - Free gay sex and gay porn videos. Find daily updates of free gay tube movies at BoyFriendTV.
132,Porn,adult-empire.com,Adult-Empire.com
133,Porn,sunporno.com,"Porno Tube, Free Porn Videos, XXX, Pussy, Porno Movies & Pics"
134,Porn,gotgayporn.com,"Got Gay Porn Tube featuring today's best gay sex videos - GotGayPorn brings you best free gay tube site with real gay sex, porn, videos, and real live guys."
135,Porn,bravotube.net,"BravoTube @ Porn Tube, Free Sex Videos - Handpicked online streaming porn videos is what we have here for endless enjoyment. We have all the tube porn videos you need in here."
136,Porn,yobt.com,"Porn, Free Porn, Porno, XXX Tube, Free HD Porn Videos, Fuck, Free Porn Movies, Fucking Clips, Pussy, Teen Porn at Yobt.com - YOBT.COM - Porn Tube that offers you HOURLY updated free porn videos, XXX streaming HD movies and hq porno pictures, huge pornstar database, adult dating and live cams."
137,Porn,youporngay.com,Free Gay Porn Movies - Teen Boys with Huge Cock Videos :: Youporn - VISIT Youporn for the BEST GAY PORN MOVIES! GET the sexiest TEEN BOYS Tube and ENJOY Huge Cock Sucking VIDEOS. CLICK NOW to WATCH Hot YOUNG XXX Gay Vidz!
138,Porn,redtubelive.com,"RedTubeLive - Live Sex Chat, Sex Shows and Webcam Sex - Amateur Cams and Pornstars - RedTubeLive features live webcam models streaming direct to you from their homes and studios around the world. Sexy webcam online strip shows, sex shows, you name it."
139,Porn,deviantclip.com,"Free Porn Tube Videos, Extreme Hardcore Porn, Free Sex Videos By DeviantClip - Porn at Deviantclip is the best Free Hardcore porn tube videos, you will find everything from bdsm porno to the most extreme sex scenes you can ever imagine."
140,Porn,naked.com,Naked - Free live cam girls and sex chat - Welcome to Naked. Free live cams and sex chat. Video chat live with amateur cam girls and pornstars from around the world.
141,Porn,fuskator.com,"Fuskator - just porn galleries, that's all   - Fuskator provides nude image galleries contributed by users similar to image dump sites."
142,Porn,fux.com,Sex Videos - FUX
143,Porn,tubekitty.com,Free Porn Movies - Tube Kitty - Free Porn Movies - Tube Kitty
144,Porn,rk.com,"RK - Reality Kings ™ - World's Best Reality Porn Site - RK.com, Realitykings.com official site. Featuring over 5000 girls! Take the FREE Tour."
145,Porn,sexart.com,SexArt - Sensual Erotic Sex Videos and Explicit Sex Art Photos - SexArt Is The Revolution In Erotic Entertainment. High Quality Exclusive Sensual Erotic Sex Videos And Photos That Both Men And Women Love.
146,Porn,imlive.com,"Live Cams | Live Sex Chat And Webcam Expert Advice at ImLive   - Live sex chat with cam girls at the largest adult webcam community on the net. Explore our sex cams, free chat rooms, nude galleries, live sex shows and much more. Talk, tease, tantalize, and enjoy"
147,Porn,eskimotube.com,EskimoTube.com - Streaming Videos of  - Pornstars And Centerfolds. - Free streaming movies of  centerfolds and pornstars.
148,Porn,totallynsfw.com,Totally NSFW 
149,Porn,teensnow.com,Teens Snow! More Teen Porn Videos That You Can Ever See - TeenSnow.com - Teen Snow brings you free teen porn videos
150,Porn,collarme.com,Collarme
151,Porn,theeroticreview.com,Theeroticreview
152,Porn,squirt.org,Squirt.org: Gay Sex Cruising Hook Up Site
153,Porn,dreammovies.com,Dream Porno Movies (dreammovies.com) - Dream Movies offers Free Porno Movies
154,Porn,wearehairy.com,Hairy Pussy in High Definition: WeAreHairy.com - See Hairy Pussy Photos and HD Porn Movies of Natural Hairy Girls. Daily Exclusive Hirsute Video Updates!  
155,Porn,joymii.com,"Joymii - Erotic Videos And Photos Of Young Models - joymii - Porn can be artful, erotic, and pure. And that's what we give you at joymii."
156,Porn,watchersweb.com,"Watchersweb, Real Voyeur and Amateur Sex pictures wives girlfriends - Free Voyeur and Amateur submitted Photos"
157,Porn,definebabe.com,"Define Sexy Babes - hot video clips, nude pic galleries and babe bio "
158,Porn,gay-torrents.net,"Gay Torrents Live Free - Your Free Gay Torrent Site ;) - - THE BEST Gay-Torrents Site for gay porn and non porn Movies, Fast downloads and ratios anyone can reach! gay-torrent"
159,Porn,pornsharia.com,"HD Porn, Free HD porno tube videos and movies at PornSharia - Updated daily with the latest High Definition Porn Tube Videos in many porn categories. Watch and enjoy Free HD Porn movies in streaming."
160,Porn,nifty.org,Nifty Erotic Stories Archive Website
161,Porn,rude.com,"Live Voyeur House @ RUDE.com | Live Sex Cams | Live Orgies | XXX Voyeur    - rude.com offers Live Voyeur Houses!  Watch pussy sucking Lesbians, horny MILFS, Ebonys, Gorgeous She Males, Sexy Latinas, hot amateurs, teen Asians and BBW's live sex cams for your viewing and masturbation pleasure."
162,Porn,nastyvideotube.com,"NastyVideoTube.com - Free porn videos, XXX porn movies, Nasty video tube - Daily updated free sex videos."
163,Porn,entensity.net,Entensity.net - ::.:..: :. ::. :..::: ::. . :::..: = Updated Daily
164,Porn,fling.com,Fling™ - World's Best Adult Personals! - Browse the world’s best adult personals site for FREE!
165,Porn,magicmovies.com,Magic Movies - Free Sex Movies (magicmovies.com) - Magic Movies delivers very long Flash Sex Movies
166,Porn,hotmovies.com,"Adult Video on Demand - Hot Movies -  160,000+ Adult Videos on Demand. Bigger and better. Pay Per View w/ no membership fees! 10 minutes free porn. Streaming porn video from a company you can trust."
167,Porn,poguide.com,Porn - Search & Watch Free Porn Videos - Poguide - Search and watch hundreds of thousands of free videos and short clips using relevant results algorithm. Our editors add best video site in our featured section.
168,Porn,paheal.net,Paheal.net
169,Porn,girlsofdesire.org,"Girls of Desire - Sexy Babes Blog - Hot Nude Girls - Girls of Desire: All babes in one place, crazy, art, pussy, naughty, bikini, asian, teen, porn, amateur, lesbian, celeb, desire, boobs, games"
170,Porn,babes.com,Babes.com - Hottest Amateur Pornstars In The Best Erotic HD Porn Vids - Amateur pornstars & perfect girls in HD erotic porn videos.              Watch these sexy nude girls & hot babes in hardcore XXX sex videos at Babes.com!
171,Porn,submityourflicks.com,"SubmitYourFlicks - Free Amateur Porn Videos & Sex Movies, User Submitted Content - Amateur tube, dating, personals, videos, live chat submityourflicks.com is the hottest amateur video site on the net! All movies are user submitted"
172,Porn,mofosex.com,"Free Porn Videos, Porn Tube, Sex Videos, Sex & Free XXX Porno Clips - Free sex porn videos & porno movies. Mofo Sex is the most preferred free porn site. Download xxx videos, stream porntube and watch full HD sex pussy movies!"
173,Porn,xxxymovies.com,"Latest Porn Movies, Free XXX Porn and Sexy Pornos - World's largest porn vault of free Porn Movies and Adult Movies. Search for your favorite free porno movies and sex scenes and join the free porn community."
174,Porn,4porn.com,"4 Porn - Porn, Free Porn, Porn Tube, Porn Movies, Porn Clips - 4PORN.com has massive collection of free porn, porn videos and best hardcore movies online! Let us show you that internet is 4 PORN!!"
175,Porn,cams.com,"Cams - Live Cams, Adult Webcams & Sex Chat Shows - The best of the web live porn, adult webcams & sex chat. Enjoy the company of hot webcam models, sexy nude cam girls, lesbians, guys & couple sex."
176,Porn,youngleafs.com,"Free Porn Pussy Sex XXX Pics Porno Tube Videos and Pictures - YoungLeafs.com presents thumbnailed links to porn galleries featuring free porn movies, xxx porn pictures, porn tube movies, wet teen pussy, hot babes and nude girls."
177,Porn,keandra.com,Porn Tube Categories - Free Porn Videos and Sex Videos - KEANDRA.COM is a porn tube with hundreds of free porn videos categories showing sex videos.
178,Porn,worldsex.com,"Worldsex.com free hardcore sex pictures, free porn movies, daily updated free sex links and adult xxx video"
179,Porn,heaven666.org,"Heaven666 - It's what you make of it - Impressive collection of media from bizarre and violent to hilarious, from the hottest babes and hardcore porn to the filthiest celebrities"
180,Porn,milfmovs.com,Milf Movies = FREE Mature/MIlf/Moms Porn Movie Galleries
181,Porn,adultwork.com,"AdultWork.com - Adult Service Providers & Erotic Content - Escorts, Webcammers, SMS & Phone Chat/Sex, Movies, Galleries & Auctions - Adult Entertainment Service Provider Directory & more - Escort, Webcam, Phone Chat/Sex & Movies"
182,Porn,sexyandfunny.com,"Sexy and Funny - Sexy Videos, Hot Girls, Funny and Sexy Photos/Animations"
183,Porn,redtubenow.com,Red Tube Now - Best porn tube clips - All kinds of dirty fucking is offered in free online streaming porn. Redtubenow delivers new porn episodes daily. Ladies fel hunger for cocks! Tube porn awaits you!
184,Porn,uselessjunk.com,NSFW Videos Images Links | UselessJunk.com
185,Porn,pornper.com,"Free Porn Tube PornPer.com Movies Free Pussy Hot Sex Videos Streaming Porn Video! - Free PornPer.com free Porn and Free Sex Videos at PornPer.com Kinky Free Porn Tube and Hot PornPer.com Movies Tube, Watch free porn videos online or download free sex movies and free PornPer.com movies."
186,Porn,mplstudios.com,MPL Studios presents: Artistic Nudes - The Fine Art of Erotica
187,Porn,greengaytube.com,"Gaytube. Free gay videos. XXX green gay tube porn. - Free gay porn tube movies, hot XXX amateur sex videos, gay porno. The best porntube!"
188,Porn,largeporntube.com,"Large Porn Tube. Free tube porn videos, free sex, full length streaming sex videos. - Large Porn Tube is a free porn tube site featuring a lot of free porn videos. New videos added every day!"
189,Porn,hornywhores.net,"HornyWhores.net | Full free porn videos and movie download - HornyWhores.net - Free Sex, Free Porn, Free Direct Download"
190,Porn,taxidrivermovie.com,"TaxiDriverMovie.com - Celeb Nip Slip, Celeb Upskirt, and other Pictures THEY don't want YOU to see! "
191,Porn,hot-sex-tube.com,"Hot-Sex-Tube.com - Free porn videos, XXX porn movies, Hot sex tube - Daily updated free porn tube"
192,Porn,scoreland.com,Watch Now or Download Hi-Def Big Tit Videos of Scoreland's Busty Women - Watch Now or Download Hi-Def Big Tit Videos of Scoreland's Busty Women.
193,Porn,aebn.net,"THE #1 ADULT VIDEO ON DEMAND THEATER IN THE WORLD! - AEBN Porn Pay Per View Network and Video On Demand. Over 100,000 XXX Straight and Gay Adult VOD movies in the Adult Entertainment Broadcast Network."
194,Porn,pornhublive.com,"PornHubLive - Live Sex Chat, Sex Shows and Webcam Sex - Amateur Cams and Pornstars - PornHubLive features live webcam models streaming direct to you from their homes and studios around the world. Sexy webcam online strip shows, sex shows, you name it."
195,Porn,boysfood.com,"FREE PORN Videos. Full length Porn Movies & clips - BoysFood.com - Free Porn Videos available online for instant play or download, no signup is required for our FREE PORN, just click and play our Free Porn Videos now."
196,Porn,jjgirls.com,"JJGirls Japanese AV Idols Sex Photo Porn Tube xXx  Movie TGP - JJGirls Japanese AV Idols Sex Photo Porn Tube xXx  Movie TGP ! JJGirls Daily Japanese AV Idols Porn Pictures Sex Photos xXx Tubes. Featuring free Japanese pussy pictures, Japanese schoolgirls, Japanese AV girls, Nude Japanese babes, Asi"
197,Porn,eroticbeauties.net,"Nude Erotica, Erotic Nude Photography, Erotic Pictures & Video, Passionate Hardcore Erotica - Featuring X-Art, Hegre-Art, MET-ART, Femjoy Nudes - Erotic Beauties - Erotic Beauties features erotic nude photography and video of the most beautiful models in the world. Check out all our free erotic"
198,Porn,fulltubemovies.com,"Full Tube Movies - Best porn site offering full length streaming porn movies from sites Red Tube, Tube8, Pornhub, Shufuni, Xhamster and lots more videos!"
199,Porn,freexcafe.com,"Naked Women * Beautiful Nudes * Beauty of Nude Woman * XXX and Erotic Nudes - Huge Collection of Erotic, Nude and XXX Photography! Naked women, erotic nudes, nude women xxx, beautiful nude women, nude female models, beauty nudes. Daily Updates! In addition, Freexcafe nudes contains niche selected p"
